<?xml version="1.0" encoding="UTF-8"?>

<Measure xmlns="http://hl7.org/fhir">
  <id value="HIVIND55"/>
  <meta>
    <profile value="http://hl7.org/fhir/us/cqfmeasures/StructureDefinition/proportion-measure-cqfm"/>
    <profile value="http://hl7.org/fhir/uv/crmi/StructureDefinition/crmi-shareablemeasure"/>
    <profile value="http://hl7.org/fhir/uv/crmi/StructureDefinition/crmi-publishablemeasure"/>
  </meta>
  <text>
    <status value="extensions"/><div xmlns="http://www.w3.org/1999/xhtml">
  <table class="narrative-table">
    <tbody>
<tr>

<th colspan="2" scope="row" class="row-header">Knowledge Artifact Metadata</th>

</tr>

<tr>

<th scope="row" class="row-header">Name (machine-readable)</th>

<td class="content-container">HIVIND55</td>
</tr>


<tr>

<th scope="row" class="row-header">Title (human-readable)</th>

<td class="content-container">HIV.IND.55 Coverage of DSD ART models among people living with HIV on ART</td>
</tr>



<tr>

<th scope="row" class="row-header">Status</th>

<td class="content-container">Draft</td>
</tr>


<tr>

<th scope="row" class="row-header">Experimental</th>

<td class="content-container">true</td>
</tr>


<tr>

<th scope="row" class="row-header">Description</th>

<td class="content-container"><div><p>% of people living with HIV enrolled in DSD ART models among those eligible for DSD ART (for facilities with electronic HIS) or among people living with HIV On ART (facilities with paper-based systems) during the reporting period</p>
</div></td>
</tr>












<tr>

<th scope="row" class="row-header">Measure Steward</th>

<td class="content-container">WHO</td>
</tr>


<tr>

<th scope="row" class="row-header">Steward Contact Details</th>

<td class="content-container">WHO: <a href="http://who.int">http://who.int</a></td>
</tr>











<tr>

<th colspan="2" scope="row" class="row-header">Measure Metadata</th>

</tr>






<tr>

<th scope="row" class="row-header">Version Number</th>

<td class="content-container">0.4.4</td>
</tr>


<tr>

<th scope="row" class="row-header">Measure Scoring</th>

<td class="content-container"><span title="Codes:{http://terminology.hl7.org/CodeSystem/measure-scoring proportion}">Proportion</span></td>
</tr>












  
<tr>

<th scope="row" class="row-header">Population Basis</th>

<td class="content-container">boolean</td>
</tr>





  
    <tr>

<th colspan="2" scope="row" class="row-header">Measure Population Criteria</th>

</tr>
  
  
  
  
    <tr>
      
        
<th scope="row" class="row-header">Initial Population</th>

      
      <td class="content-container">
        
        <em>ID</em>: HIV.IND.55.IP
        <br/>
        
        
          <em>Description</em>:
          <p style="white-space: pre-line" class="tab-one">Initial Population</p>
        
        
          
            
            <em>Logic Definition</em>: <a href="#hivind55logic-initial-population">Initial Population</a> 
          
        
      </td>
    </tr>
  

  
    <tr>
      
        
<th scope="row" class="row-header">Denominator</th>

      
      <td class="content-container">
        
        <em>ID</em>: HIV.IND.55.DEN
        <br/>
        
        
          <em>Description</em>:
          <p style="white-space: pre-line" class="tab-one">Facilities with electronic health information systems: Number of people living with HIV on ART eligible for DSD ART models during the reporting period |  | Facilities with paper-based systems: Number of people living with HIV receiving ART at the end of the reporting period</p>
        
        
          
            
            <em>Logic Definition</em>: <a href="#hivind55logic-denominator">Denominator</a> 
          
        
      </td>
    </tr>
  

  
    <tr>
      
        
<th scope="row" class="row-header">Numerator</th>

      
      <td class="content-container">
        
        <em>ID</em>: HIV.IND.55.NUM
        <br/>
        
        
          <em>Description</em>:
          <p style="white-space: pre-line" class="tab-one">Number of people living with HIV enrolled in DSD ART models during the reporting period</p>
        
        
          
            
            <em>Logic Definition</em>: <a href="#hivind55logic-numerator">Numerator</a> 
          
        
      </td>
    </tr>
  

  
<tr>
  
<th scope="row" class="row-header">Stratifier</th>

  <td class="content-container">
    
      <em>ID</em>: HIV.IND.55.S
      
    
    
    
  </td>
</tr>

  









  
<tr>

<th scope="row" class="row-header">Improvement Notation</th>

<td class="content-container"><span title="Codes:{http://terminology.hl7.org/CodeSystem/measure-improvement-notation increase}">Increased score indicates improvement</span></td>
</tr>






<tr>

<th colspan="2" scope="row" class="row-header">Measure Logic</th>

</tr>

<tr>

<th scope="row" class="row-header">Primary Library</th>

<td class="content-container"><a href="Library-HIVIND55Logic.html">HIV.IND.55 Logic</a></td>
</tr>




<tr>
  <th colspan="2" scope="row" class="row-header">Generated using version 0.4.6 of the sample-content-ig Liquid templates</th>
</tr>
    </tbody>
  </table>
</div>
  </text>
  <extension url="http://hl7.org/fhir/us/cqfmeasures/StructureDefinition/cqfm-populationBasis">
    <valueCode value="boolean"/>
  </extension>
  <url value="http://smart.who.int/hiv/Measure/HIVIND55"/>
  <version value="0.4.4"/>
  <name value="HIVIND55"/>
  <title value="HIV.IND.55 Coverage of DSD ART models among people living with HIV on ART"/>
  <status value="draft"/>
  <experimental value="true"/>
  <date value="2024-08-18"/>
  <publisher value="WHO"/>
  <contact>
    <name value="WHO"/>
    <telecom>
      <system value="url"/>
      <value value="http://who.int"/>
    </telecom>
  </contact>
  <description value="% of people living with HIV enrolled in DSD ART models among those eligible for DSD ART (for facilities with electronic HIS) or among people living with HIV On ART (facilities with paper-based systems) during the reporting period"/>
  <library value="http://smart.who.int/hiv/Library/HIVIND55Logic"/>
  <scoring>
    <coding>
      <system value="http://terminology.hl7.org/CodeSystem/measure-scoring"/>
      <code value="proportion"/>
      <display value="Proportion"/>
    </coding>
  </scoring>
  <group>
    <extension url="http://hl7.org/fhir/us/cqfmeasures/StructureDefinition/cqfm-improvementNotation">
      <valueCodeableConcept>
        <coding>
          <system value="http://terminology.hl7.org/CodeSystem/measure-improvement-notation"/>
          <code value="increase"/>
        </coding>
      </valueCodeableConcept>
    </extension>
    <population id="HIV.IND.55.IP">
      <code>
        <coding>
          <system value="http://terminology.hl7.org/CodeSystem/measure-population"/>
          <code value="initial-population"/>
          <display value="Initial Population"/>
        </coding>
      </code>
      <description value="Initial Population"/>
      <criteria>
        <language value="text/cql-identifier"/>
        <expression value="Initial Population"/>
      </criteria>
    </population>
    <population id="HIV.IND.55.DEN">
      <code>
        <coding>
          <system value="http://terminology.hl7.org/CodeSystem/measure-population"/>
          <code value="denominator"/>
          <display value="Denominator"/>
        </coding>
      </code>
      <description value="Facilities with electronic health information systems: Number of people living with HIV on ART eligible for DSD ART models during the reporting period |  | Facilities with paper-based systems: Number of people living with HIV receiving ART at the end of the reporting period"/>
      <criteria>
        <language value="text/cql-identifier"/>
        <expression value="Denominator"/>
      </criteria>
    </population>
    <population id="HIV.IND.55.NUM">
      <code>
        <coding>
          <system value="http://terminology.hl7.org/CodeSystem/measure-population"/>
          <code value="numerator"/>
          <display value="Numerator"/>
        </coding>
      </code>
      <description value="Number of people living with HIV enrolled in DSD ART models during the reporting period"/>
      <criteria>
        <language value="text/cql-identifier"/>
        <expression value="Numerator"/>
      </criteria>
    </population>
    <stratifier id="HIV.IND.55.S">
      <criteria>
        <language value="text/cql-identifier"/>
        <expression value="Stratification"/>
      </criteria>
    </stratifier>
  </group>
</Measure>