{"resourceType":"ActivityDefinition","id":"HIVB9DTScheduleFollowUp","meta":{"profile":["http://hl7.org/fhir/uv/cpg/StructureDefinition/cpg-servicerequestactivity"]},"extension":[{"url":"http://hl7.org/fhir/StructureDefinition/cqf-knowledgeCapability","valueCode":"computable"}],"url":"http://smart.who.int/hiv/ActivityDefinition/HIVB9DTScheduleFollowUp","version":"0.4.4","name":"HIVB9DTScheduleFollowUp","title":"HIV.B9.DT Schedule Follow-up Test","status":"draft","experimental":true,"date":"2024-07-25","publisher":"WHO","contact":[{"name":"WHO","telecom":[{"system":"url","value":"http://who.int"}]}],"description":"Schedule Follow-up Test","library":["http://smart.who.int/hiv/Library/HIVB9DTLogic"],"kind":"ServiceRequest","profile":"http://hl7.org/fhir/uv/cpg/StructureDefinition/cpg-servicerequest","intent":"proposal","doNotPerform":false,"dynamicValue":[{"path":"status","expression":{"description":"Status = 'draft'","language":"text/cql","expression":"'draft' from \"http://hl7.org/fhir/request-status\""}},{"path":"priority","expression":{"description":"Priority = 'routine'","language":"text/cql","expression":"'routine' from \"http://hl7.org/fhir/request-priority\""}}]}