{"resourceType":"Measure","id":"HIVIND27","meta":{"profile":["http://hl7.org/fhir/us/cqfmeasures/StructureDefinition/cv-measure-cqfm","http://hl7.org/fhir/uv/crmi/StructureDefinition/crmi-shareablemeasure","http://hl7.org/fhir/uv/crmi/StructureDefinition/crmi-publishablemeasure"]},"extension":[{"url":"http://hl7.org/fhir/us/cqfmeasures/StructureDefinition/cqfm-populationBasis","valueCode":"boolean"}],"url":"http://smart.who.int/hiv/Measure/HIVIND27","version":"0.4.4","name":"HIVIND27","title":"HIV.IND.27 People living with HIV on ART","status":"draft","experimental":true,"date":"2024-08-18","publisher":"WHO","contact":[{"name":"WHO","telecom":[{"system":"url","value":"http://who.int"}]}],"description":"Number and % of people on ART among all people living with HIV at the end of the reporting period","library":["http://smart.who.int/hiv/Library/HIVIND27Logic"],"scoring":{"coding":[{"system":"http://terminology.hl7.org/CodeSystem/measure-scoring","code":"continuous-variable","display":"Continuous Variable"}]},"group":[{"extension":[{"url":"http://hl7.org/fhir/us/cqfmeasures/StructureDefinition/cqfm-improvementNotation","valueCodeableConcept":{"coding":[{"system":"http://terminology.hl7.org/CodeSystem/measure-improvement-notation","code":"increase"}]}}],"population":[{"id":"HIV.IND.27.IP","code":{"coding":[{"system":"http://terminology.hl7.org/CodeSystem/measure-population","code":"initial-population","display":"Initial Population"}]},"description":"Initial Population","criteria":{"language":"text/cql-identifier","expression":"Initial Population"}},{"id":"HIV.IND.27.MP","extension":[{"url":"http://hl7.org/fhir/us/cqfmeasures/StructureDefinition/cqfm-populationBasis","valueCode":"boolean"}],"code":{"coding":[{"system":"http://terminology.hl7.org/CodeSystem/measure-population","code":"measure-population","display":"Measure Population"}]},"description":"Measure Population","criteria":{"language":"text/cql-identifier","expression":"Measure Population"}},{"id":"HIV.IND.27.MO","extension":[{"url":"http://hl7.org/fhir/us/cqfmeasures/StructureDefinition/cqfm-criteriaReference","valueString":"measure-population"},{"url":"http://hl7.org/fhir/us/cqfmeasures/StructureDefinition/cqfm-aggregateMethod","valueCode":"count"}],"code":{"coding":[{"system":"http://terminology.hl7.org/CodeSystem/measure-population","code":"measure-observation","display":"Measure Observation"}]},"description":"Measure Observation","criteria":{"language":"text/cql-identifier","expression":"Measure Observation"}}],"stratifier":[{"id":"HIV.IND.27.S","criteria":{"language":"text/cql-identifier","expression":"Stratification"}}]}]}