{"resourceType":"Measure","id":"HIVIND74","meta":{"profile":["http://hl7.org/fhir/us/cqfmeasures/StructureDefinition/proportion-measure-cqfm","http://hl7.org/fhir/uv/crmi/StructureDefinition/crmi-shareablemeasure","http://hl7.org/fhir/uv/crmi/StructureDefinition/crmi-publishablemeasure"]},"extension":[{"url":"http://hl7.org/fhir/us/cqfmeasures/StructureDefinition/cqfm-populationBasis","valueCode":"boolean"}],"url":"http://smart.who.int/hiv/Measure/HIVIND74","version":"0.4.4","name":"HIVIND74","title":"HIV.IND.74 Gonorrhoea treatment coverage, HIV prevention services","status":"draft","experimental":true,"date":"2024-08-18","publisher":"WHO","contact":[{"name":"WHO","telecom":[{"system":"url","value":"http://who.int"}]}],"description":"% of people attending HIV prevention services tested positive for gonorrhoea who were treated based on national guidelines during the reporting period","library":["http://smart.who.int/hiv/Library/HIVIND74Logic"],"scoring":{"coding":[{"system":"http://terminology.hl7.org/CodeSystem/measure-scoring","code":"proportion","display":"Proportion"}]},"group":[{"extension":[{"url":"http://hl7.org/fhir/us/cqfmeasures/StructureDefinition/cqfm-improvementNotation","valueCodeableConcept":{"coding":[{"system":"http://terminology.hl7.org/CodeSystem/measure-improvement-notation","code":"increase"}]}}],"population":[{"id":"HIV.IND.74.IP","code":{"coding":[{"system":"http://terminology.hl7.org/CodeSystem/measure-population","code":"initial-population","display":"Initial Population"}]},"description":"Initial Population","criteria":{"language":"text/cql-identifier","expression":"Initial Population"}},{"id":"HIV.IND.74.DEN","code":{"coding":[{"system":"http://terminology.hl7.org/CodeSystem/measure-population","code":"denominator","display":"Denominator"}]},"description":"Number of people attending HIV prevention services who tested positive for gonorrhoea during the reporting period","criteria":{"language":"text/cql-identifier","expression":"Denominator"}},{"id":"HIV.IND.74.NUM","code":{"coding":[{"system":"http://terminology.hl7.org/CodeSystem/measure-population","code":"numerator","display":"Numerator"}]},"description":"Number of people attending HIV prevention services who tested positive for gonorrhoea and were treated based on national guidelines during the reporting period","criteria":{"language":"text/cql-identifier","expression":"Numerator"}}]}]}