{"resourceType":"ValueSet","id":"HIV.D.DE391","meta":{"profile":["http://hl7.org/fhir/uv/crmi/StructureDefinition/crmi-shareablevalueset","http://hl7.org/fhir/uv/crmi/StructureDefinition/crmi-publishablevalueset","http://hl7.org/fhir/uv/crmi/StructureDefinition/crmi-computablevalueset"]},"text":{"status":"extensions","div":"<div xmlns=\"http://www.w3.org/1999/xhtml\"><p class=\"res-header-id\"><b>Generated Narrative: ValueSet HIV.D.DE391</b></p><a name=\"HIV.D.DE391\"> </a><a name=\"hcHIV.D.DE391\"> </a><div style=\"display: inline-block; background-color: #d9e0e7; padding: 6px; margin: 4px; border: 1px solid #8da1b4; border-radius: 5px; line-height: 60%\"><p style=\"margin-bottom: 0px\"/><p style=\"margin-bottom: 0px\">Profiles: <a href=\"http://hl7.org/fhir/uv/crmi/STU1/StructureDefinition-crmi-shareablevalueset.html\">CRMI Shareable ValueSet</a>, <a href=\"http://hl7.org/fhir/uv/crmi/STU1/StructureDefinition-crmi-publishablevalueset.html\">CRMI Publishable ValueSet</a>, <a href=\"http://hl7.org/fhir/uv/crmi/STU1/StructureDefinition-crmi-computablevalueset.html\">CRMI Computable ValueSet</a></p></div><ul><li>Include these codes as defined in <a href=\"CodeSystem-HIVConcepts.html\"><code>http://smart.who.int/hiv/CodeSystem/HIVConcepts</code></a><table class=\"none\"><tr><td style=\"white-space:nowrap\"><b>Code</b></td><td><b>Display</b></td><td><b>Definition</b></td></tr><tr><td><a href=\"CodeSystem-HIVConcepts.html#HIVConcepts-HIV.46D.46DE392\">HIV.D.DE392</a></td><td>Routine viral load test</td><td>Routine refers to viral load tests obtained at standard intervals following ART initiation to monitor viral load response to ART</td></tr><tr><td><a href=\"CodeSystem-HIVConcepts.html#HIVConcepts-HIV.46D.46DE393\">HIV.D.DE393</a></td><td>Targeted viral load monitoring</td><td>Targeted refers to viral load tests obtained based on a specific clinical indication (such as concern about disease progression or failure to respond to ART)</td></tr><tr><td><a href=\"CodeSystem-HIVConcepts.html#HIVConcepts-HIV.46D.46DE394\">HIV.D.DE394</a></td><td>Initial viral load test</td><td>The first viral load test of the client</td></tr><tr><td><a href=\"CodeSystem-HIVConcepts.html#HIVConcepts-HIV.46D.46DE395\">HIV.D.DE395</a></td><td>Follow-up viral load test after receiving enhanced adherence counselling</td><td>A follow-up viral load test within 3-6 months after enhanced adherence counselling after client received a high viral load test result</td></tr></table></li></ul></div>"},"url":"http://smart.who.int/hiv/ValueSet/HIV.D.DE391","version":"0.4.4","name":"HIVDDE391","title":"Reason for HIV viral load test ValueSet","status":"active","experimental":true,"date":"2025-07-24T19:22:48+00:00","publisher":"WHO","contact":[{"name":"WHO","telecom":[{"system":"url","value":"http://who.int"}]}],"description":"Value set of whether the viral load is being tested for routine monitoring on a set schedule or for targeted monitoring for suspected treatment failure","compose":{"include":[{"system":"http://smart.who.int/hiv/CodeSystem/HIVConcepts","concept":[{"code":"HIV.D.DE392","display":"Routine viral load test"},{"code":"HIV.D.DE393","display":"Targeted viral load monitoring"},{"code":"HIV.D.DE394","display":"Initial viral load test"},{"code":"HIV.D.DE395","display":"Follow-up viral load test after receiving enhanced adherence counselling"}]}]}}