{"resourceType":"ValueSet","id":"HIV.H.DE34","meta":{"profile":["http://hl7.org/fhir/uv/crmi/StructureDefinition/crmi-shareablevalueset","http://hl7.org/fhir/uv/crmi/StructureDefinition/crmi-publishablevalueset","http://hl7.org/fhir/uv/crmi/StructureDefinition/crmi-computablevalueset"]},"text":{"status":"extensions","div":"<div xmlns=\"http://www.w3.org/1999/xhtml\"><p class=\"res-header-id\"><b>Generated Narrative: ValueSet HIV.H.DE34</b></p><a name=\"HIV.H.DE34\"> </a><a name=\"hcHIV.H.DE34\"> </a><div style=\"display: inline-block; background-color: #d9e0e7; padding: 6px; margin: 4px; border: 1px solid #8da1b4; border-radius: 5px; line-height: 60%\"><p style=\"margin-bottom: 0px\"/><p style=\"margin-bottom: 0px\">Profiles: <a href=\"http://hl7.org/fhir/uv/crmi/STU1/StructureDefinition-crmi-shareablevalueset.html\">CRMI Shareable ValueSet</a>, <a href=\"http://hl7.org/fhir/uv/crmi/STU1/StructureDefinition-crmi-publishablevalueset.html\">CRMI Publishable ValueSet</a>, <a href=\"http://hl7.org/fhir/uv/crmi/STU1/StructureDefinition-crmi-computablevalueset.html\">CRMI Computable ValueSet</a></p></div><ul><li>Include these codes as defined in <a href=\"CodeSystem-HIVConcepts.html\"><code>http://smart.who.int/hiv/CodeSystem/HIVConcepts</code></a><table class=\"none\"><tr><td style=\"white-space:nowrap\"><b>Code</b></td><td><b>Display</b></td><td><b>Definition</b></td></tr><tr><td><a href=\"CodeSystem-HIVConcepts.html#HIVConcepts-HIV.46H.46DE35\">HIV.H.DE35</a></td><td>Already knew positive</td><td>The partner or contact of the index case already knew they are HIV-positive</td></tr><tr><td><a href=\"CodeSystem-HIVConcepts.html#HIVConcepts-HIV.46H.46DE36\">HIV.H.DE36</a></td><td>Newly diagnosed</td><td>The partner or contact of the index case is newly diagnosed as HIV-positive</td></tr><tr><td><a href=\"CodeSystem-HIVConcepts.html#HIVConcepts-HIV.46H.46DE37\">HIV.H.DE37</a></td><td>Negative</td><td>The partner or contact of the index case is newly diagnosed is HIV-negative</td></tr></table></li></ul></div>"},"url":"http://smart.who.int/hiv/ValueSet/HIV.H.DE34","version":"0.4.4","name":"HIVHDE34","title":"HIV status of partner or contact ValueSet","status":"active","experimental":true,"date":"2025-07-24T19:22:48+00:00","publisher":"WHO","contact":[{"name":"WHO","telecom":[{"system":"url","value":"http://who.int"}]}],"description":"Value set of HIV status of the partner or contact given by the index case","compose":{"include":[{"system":"http://smart.who.int/hiv/CodeSystem/HIVConcepts","concept":[{"code":"HIV.H.DE35","display":"Already knew positive"},{"code":"HIV.H.DE36","display":"Newly diagnosed"},{"code":"HIV.H.DE37","display":"Negative"}]}]}}