{"resourceType":"ValueSet","id":"HIV.C.DE91","meta":{"profile":["http://hl7.org/fhir/uv/crmi/StructureDefinition/crmi-shareablevalueset","http://hl7.org/fhir/uv/crmi/StructureDefinition/crmi-publishablevalueset","http://hl7.org/fhir/uv/crmi/StructureDefinition/crmi-computablevalueset"]},"text":{"status":"extensions","div":"<div xmlns=\"http://www.w3.org/1999/xhtml\"><p class=\"res-header-id\"><b>Generated Narrative: ValueSet HIV.C.DE91</b></p><a name=\"HIV.C.DE91\"> </a><a name=\"hcHIV.C.DE91\"> </a><div style=\"display: inline-block; background-color: #d9e0e7; padding: 6px; margin: 4px; border: 1px solid #8da1b4; border-radius: 5px; line-height: 60%\"><p style=\"margin-bottom: 0px\"/><p style=\"margin-bottom: 0px\">Profiles: <a href=\"http://hl7.org/fhir/uv/crmi/STU1/StructureDefinition-crmi-shareablevalueset.html\">CRMI Shareable ValueSet</a>, <a href=\"http://hl7.org/fhir/uv/crmi/STU1/StructureDefinition-crmi-publishablevalueset.html\">CRMI Publishable ValueSet</a>, <a href=\"http://hl7.org/fhir/uv/crmi/STU1/StructureDefinition-crmi-computablevalueset.html\">CRMI Computable ValueSet</a></p></div><ul><li>Include these codes as defined in <a href=\"CodeSystem-HIVConcepts.html\"><code>http://smart.who.int/hiv/CodeSystem/HIVConcepts</code></a><table class=\"none\"><tr><td style=\"white-space:nowrap\"><b>Code</b></td><td><b>Display</b></td><td><b>Definition</b></td></tr><tr><td><a href=\"CodeSystem-HIVConcepts.html#HIVConcepts-HIV.46C.46DE92\">HIV.C.DE92</a></td><td>TDF + 3TC</td><td>Preferred backbone containing tenofovir disoproxil fumarate and lamivudine</td></tr><tr><td><a href=\"CodeSystem-HIVConcepts.html#HIVConcepts-HIV.46C.46DE93\">HIV.C.DE93</a></td><td>TDF + FTC</td><td>Preferred backbone containing tenofovir disoproxil fumarate and emtricitabine</td></tr><tr><td><a href=\"CodeSystem-HIVConcepts.html#HIVConcepts-HIV.46C.46DE94\">HIV.C.DE94</a></td><td>AZT + 3TC</td><td>Preferred backbone containing zidovudine and lamivudine</td></tr></table></li></ul></div>"},"url":"http://smart.who.int/hiv/ValueSet/HIV.C.DE91","version":"0.4.4","name":"HIVCDE91","title":"Preferred PEP backbone regimen ValueSet","status":"active","experimental":true,"date":"2025-07-24T19:22:48+00:00","publisher":"WHO","contact":[{"name":"WHO","telecom":[{"system":"url","value":"http://who.int"}]}],"description":"Value set of preferred backbone regimen for PEP","compose":{"include":[{"system":"http://smart.who.int/hiv/CodeSystem/HIVConcepts","concept":[{"code":"HIV.C.DE92","display":"TDF + 3TC"},{"code":"HIV.C.DE93","display":"TDF + FTC"},{"code":"HIV.C.DE94","display":"AZT + 3TC"}]}]}}