{"resourceType":"ValueSet","id":"HIV.D.DE610","meta":{"profile":["http://hl7.org/fhir/uv/crmi/StructureDefinition/crmi-shareablevalueset","http://hl7.org/fhir/uv/crmi/StructureDefinition/crmi-publishablevalueset","http://hl7.org/fhir/uv/crmi/StructureDefinition/crmi-computablevalueset"]},"text":{"status":"extensions","div":"<div xmlns=\"http://www.w3.org/1999/xhtml\"><p class=\"res-header-id\"><b>Generated Narrative: ValueSet HIV.D.DE610</b></p><a name=\"HIV.D.DE610\"> </a><a name=\"hcHIV.D.DE610\"> </a><div style=\"display: inline-block; background-color: #d9e0e7; padding: 6px; margin: 4px; border: 1px solid #8da1b4; border-radius: 5px; line-height: 60%\"><p style=\"margin-bottom: 0px\"/><p style=\"margin-bottom: 0px\">Profiles: <a href=\"http://hl7.org/fhir/uv/crmi/STU1/StructureDefinition-crmi-shareablevalueset.html\">CRMI Shareable ValueSet</a>, <a href=\"http://hl7.org/fhir/uv/crmi/STU1/StructureDefinition-crmi-publishablevalueset.html\">CRMI Publishable ValueSet</a>, <a href=\"http://hl7.org/fhir/uv/crmi/STU1/StructureDefinition-crmi-computablevalueset.html\">CRMI Computable ValueSet</a></p></div><ul><li>Include these codes as defined in <a href=\"CodeSystem-HIVConcepts.html\"><code>http://smart.who.int/hiv/CodeSystem/HIVConcepts</code></a><table class=\"none\"><tr><td style=\"white-space:nowrap\"><b>Code</b></td><td><b>Display</b></td><td><b>Definition</b></td></tr><tr><td><a href=\"CodeSystem-HIVConcepts.html#HIVConcepts-HIV.46D.46DE611\">HIV.D.DE611</a></td><td>Hepatitis A</td><td>The client is receiving vaccination to prevent against hepatitis A</td></tr><tr><td><a href=\"CodeSystem-HIVConcepts.html#HIVConcepts-HIV.46D.46DE612\">HIV.D.DE612</a></td><td>Hepatitis B</td><td>The client is receiving vaccination to prevent against hepatitis B</td></tr><tr><td><a href=\"CodeSystem-HIVConcepts.html#HIVConcepts-HIV.46D.46DE613\">HIV.D.DE613</a></td><td>Tetanus</td><td>The client is receiving vaccination to prevent against tetanus</td></tr><tr><td><a href=\"CodeSystem-HIVConcepts.html#HIVConcepts-HIV.46D.46DE614\">HIV.D.DE614</a></td><td>COVID-19</td><td>The client is receiving vaccination to prevent against COVID-19 due to SARS-CoV-2</td></tr><tr><td><a href=\"CodeSystem-HIVConcepts.html#HIVConcepts-HIV.46D.46DE615\">HIV.D.DE615</a></td><td>Influenza due to influenza B virus</td><td>The client is receiving vaccination to prevent against influenza due to influenza B virus</td></tr><tr><td><a href=\"CodeSystem-HIVConcepts.html#HIVConcepts-HIV.46D.46DE616\">HIV.D.DE616</a></td><td>Tuberculosis</td><td>The client is receiving vaccination to prevent against tuberculosis (e.g. BCG vaccine)</td></tr><tr><td><a href=\"CodeSystem-HIVConcepts.html#HIVConcepts-HIV.46D.46DE617\">HIV.D.DE617</a></td><td>Acute poliomyelitis</td><td>The client is receiving vaccination to prevent against acute poliomyelitis (polio)</td></tr><tr><td><a href=\"CodeSystem-HIVConcepts.html#HIVConcepts-HIV.46D.46DE618\">HIV.D.DE618</a></td><td>Measles</td><td>The client is receiving vaccination to prevent against measles</td></tr><tr><td><a href=\"CodeSystem-HIVConcepts.html#HIVConcepts-HIV.46D.46DE619\">HIV.D.DE619</a></td><td>Diptheria</td><td>The client is receiving vaccination to prevent against diptheria</td></tr><tr><td><a href=\"CodeSystem-HIVConcepts.html#HIVConcepts-HIV.46D.46DE620\">HIV.D.DE620</a></td><td>Rabies</td><td>The client is receiving vaccination to prevent against rabies</td></tr><tr><td><a href=\"CodeSystem-HIVConcepts.html#HIVConcepts-HIV.46D.46DE621\">HIV.D.DE621</a></td><td>Cholera</td><td>The client is receiving vaccination to prevent against cholera</td></tr><tr><td><a href=\"CodeSystem-HIVConcepts.html#HIVConcepts-HIV.46D.46DE622\">HIV.D.DE622</a></td><td>Mumps</td><td>The client is receiving vaccination to prevent against mumps</td></tr><tr><td><a href=\"CodeSystem-HIVConcepts.html#HIVConcepts-HIV.46D.46DE623\">HIV.D.DE623</a></td><td>HPV infection</td><td>The client is receiving vaccination to prevent against human papilloma virus (HPV) infection</td></tr><tr><td><a href=\"CodeSystem-HIVConcepts.html#HIVConcepts-HIV.46D.46DE624\">HIV.D.DE624</a></td><td>Haemophilus influenzae type B</td><td>The client is receiving vaccination to prevent against Haemophilus influenzae type B (Hib)</td></tr><tr><td><a href=\"CodeSystem-HIVConcepts.html#HIVConcepts-HIV.46D.46DE625\">HIV.D.DE625</a></td><td>Varicella</td><td>The client is receiving vaccination to prevent against varicella</td></tr><tr><td><a href=\"CodeSystem-HIVConcepts.html#HIVConcepts-HIV.46D.46DE626\">HIV.D.DE626</a></td><td>Dengue</td><td>The client is receiving vaccination to prevent against dengue</td></tr><tr><td><a href=\"CodeSystem-HIVConcepts.html#HIVConcepts-HIV.46D.46DE627\">HIV.D.DE627</a></td><td>Yellow fever</td><td>The client is receiving vaccination to prevent against yellow fever</td></tr><tr><td><a href=\"CodeSystem-HIVConcepts.html#HIVConcepts-HIV.46D.46DE628\">HIV.D.DE628</a></td><td>Japanese Encephalitis</td><td>The client is receiving vaccination to prevent against Japanese encephalitis</td></tr><tr><td><a href=\"CodeSystem-HIVConcepts.html#HIVConcepts-HIV.46D.46DE629\">HIV.D.DE629</a></td><td>Rubella</td><td>The client is receiving vaccination to prevent against rubella</td></tr><tr><td><a href=\"CodeSystem-HIVConcepts.html#HIVConcepts-HIV.46D.46DE630\">HIV.D.DE630</a></td><td>Pertussis</td><td>The client is receiving vaccination to prevent against pertussis</td></tr><tr><td><a href=\"CodeSystem-HIVConcepts.html#HIVConcepts-HIV.46D.46DE631\">HIV.D.DE631</a></td><td>Enteritis due to rotavirus</td><td>The client is receiving vaccination to prevent against enteritis due to rotavirus</td></tr><tr><td><a href=\"CodeSystem-HIVConcepts.html#HIVConcepts-HIV.46D.46DE632\">HIV.D.DE632</a></td><td>Pneumococcal disease</td><td>The client is receiving vaccination to prevent against pneumococcal disease</td></tr><tr><td><a href=\"CodeSystem-HIVConcepts.html#HIVConcepts-HIV.46D.46DE633\">HIV.D.DE633</a></td><td>Meningococcal disease</td><td>The client is receiving vaccination to prevent against meningococcal disease</td></tr><tr><td><a href=\"CodeSystem-HIVConcepts.html#HIVConcepts-HIV.46D.46DE634\">HIV.D.DE634</a></td><td>Tick-borne encephalitis</td><td>The client is receiving vaccination to prevent against tick-borne encephalitis</td></tr><tr><td><a href=\"CodeSystem-HIVConcepts.html#HIVConcepts-HIV.46D.46DE635\">HIV.D.DE635</a></td><td>Typhoid</td><td>The client is receiving vaccination to prevent against typhoid</td></tr></table></li></ul></div>"},"url":"http://smart.who.int/hiv/ValueSet/HIV.D.DE610","version":"0.4.4","name":"HIVDDE610","title":"Disease targeted ValueSet","status":"active","experimental":true,"date":"2025-07-24T19:22:48+00:00","publisher":"WHO","contact":[{"name":"WHO","telecom":[{"system":"url","value":"http://who.int"}]}],"description":"Value set of vaccine preventable disease being targeted by vaccine administered","compose":{"include":[{"system":"http://smart.who.int/hiv/CodeSystem/HIVConcepts","concept":[{"code":"HIV.D.DE611","display":"Hepatitis A"},{"code":"HIV.D.DE612","display":"Hepatitis B"},{"code":"HIV.D.DE613","display":"Tetanus"},{"code":"HIV.D.DE614","display":"COVID-19"},{"code":"HIV.D.DE615","display":"Influenza due to influenza B virus"},{"code":"HIV.D.DE616","display":"Tuberculosis"},{"code":"HIV.D.DE617","display":"Acute poliomyelitis"},{"code":"HIV.D.DE618","display":"Measles"},{"code":"HIV.D.DE619","display":"Diptheria"},{"code":"HIV.D.DE620","display":"Rabies"},{"code":"HIV.D.DE621","display":"Cholera"},{"code":"HIV.D.DE622","display":"Mumps"},{"code":"HIV.D.DE623","display":"HPV infection"},{"code":"HIV.D.DE624","display":"Haemophilus influenzae type B"},{"code":"HIV.D.DE625","display":"Varicella"},{"code":"HIV.D.DE626","display":"Dengue"},{"code":"HIV.D.DE627","display":"Yellow fever"},{"code":"HIV.D.DE628","display":"Japanese Encephalitis"},{"code":"HIV.D.DE629","display":"Rubella"},{"code":"HIV.D.DE630","display":"Pertussis"},{"code":"HIV.D.DE631","display":"Enteritis due to rotavirus"},{"code":"HIV.D.DE632","display":"Pneumococcal disease"},{"code":"HIV.D.DE633","display":"Meningococcal disease"},{"code":"HIV.D.DE634","display":"Tick-borne encephalitis"},{"code":"HIV.D.DE635","display":"Typhoid"}]}]}}