<?xml version="1.0" encoding="UTF-8"?><ActivityDefinition xmlns="http://hl7.org/fhir"><id value="HIVB9DTScheduleFollowUp"/><meta><profile value="http://hl7.org/fhir/uv/cpg/StructureDefinition/cpg-servicerequestactivity"/></meta><extension url="http://hl7.org/fhir/StructureDefinition/cqf-knowledgeCapability"><valueCode value="computable"/></extension><url value="http://smart.who.int/hiv/ActivityDefinition/HIVB9DTScheduleFollowUp"/><version value="0.4.4"/><name value="HIVB9DTScheduleFollowUp"/><title value="HIV.B9.DT Schedule Follow-up Test"/><status value="draft"/><experimental value="true"/><date value="2024-07-25"/><publisher value="WHO"/><contact><name value="WHO"/><telecom><system value="url"/><value value="http://who.int"/></telecom></contact><description value="Schedule Follow-up Test"/><library value="http://smart.who.int/hiv/Library/HIVB9DTLogic"/><kind value="ServiceRequest"/><profile value="http://hl7.org/fhir/uv/cpg/StructureDefinition/cpg-servicerequest"/><intent value="proposal"/><doNotPerform value="false"/><dynamicValue><path value="status"/><expression><description value="Status = 'draft'"/><language value="text/cql"/><expression value="'draft' from &quot;http://hl7.org/fhir/request-status&quot;"/></expression></dynamicValue><dynamicValue><path value="priority"/><expression><description value="Priority = 'routine'"/><language value="text/cql"/><expression value="'routine' from &quot;http://hl7.org/fhir/request-priority&quot;"/></expression></dynamicValue></ActivityDefinition>