<?xml version="1.0" encoding="UTF-8"?><Measure xmlns="http://hl7.org/fhir"><id value="HIVIND21"/><meta><profile value="http://hl7.org/fhir/us/cqfmeasures/StructureDefinition/proportion-measure-cqfm"/><profile value="http://hl7.org/fhir/uv/crmi/StructureDefinition/crmi-shareablemeasure"/><profile value="http://hl7.org/fhir/uv/crmi/StructureDefinition/crmi-publishablemeasure"/></meta><extension url="http://hl7.org/fhir/us/cqfmeasures/StructureDefinition/cqfm-populationBasis"><valueCode value="boolean"/></extension><url value="http://smart.who.int/hiv/Measure/HIVIND21"/><version value="0.4.4"/><name value="HIVIND21"/><title value="HIV.IND.21 Linkage to ART"/><status value="draft"/><experimental value="true"/><date value="2024-08-18"/><publisher value="WHO"/><contact><name value="WHO"/><telecom><system value="url"/><value value="http://who.int"/></telecom></contact><description value="% of people newly diagnosed with HIV initiated on ART"/><library value="http://smart.who.int/hiv/Library/HIVIND21Logic"/><scoring><coding><system value="http://terminology.hl7.org/CodeSystem/measure-scoring"/><code value="proportion"/><display value="Proportion"/></coding></scoring><group><extension url="http://hl7.org/fhir/us/cqfmeasures/StructureDefinition/cqfm-improvementNotation"><valueCodeableConcept><coding><system value="http://terminology.hl7.org/CodeSystem/measure-improvement-notation"/><code value="increase"/></coding></valueCodeableConcept></extension><population id="HIV.IND.21.IP"><code><coding><system value="http://terminology.hl7.org/CodeSystem/measure-population"/><code value="initial-population"/><display value="Initial Population"/></coding></code><description value="Initial Population"/><criteria><language value="text/cql-identifier"/><expression value="Initial Population"/></criteria></population><population id="HIV.IND.21.DEN"><code><coding><system value="http://terminology.hl7.org/CodeSystem/measure-population"/><code value="denominator"/><display value="Denominator"/></coding></code><description value="Number of people newly diagnosed with HIV during the reporting period"/><criteria><language value="text/cql-identifier"/><expression value="Denominator"/></criteria></population><population id="HIV.IND.21.NUM"><code><coding><system value="http://terminology.hl7.org/CodeSystem/measure-population"/><code value="numerator"/><display value="Numerator"/></coding></code><description value="Number of people newly diagnosed with HIV and started on ART during the reporting period"/><criteria><language value="text/cql-identifier"/><expression value="Numerator"/></criteria></population><stratifier id="HIV.IND.21.S"><criteria><language value="text/cql-identifier"/><expression value="Stratification"/></criteria></stratifier></group></Measure>