<?xml version="1.0" encoding="UTF-8"?><Measure xmlns="http://hl7.org/fhir"><id value="HIVIND42"/><meta><profile value="http://hl7.org/fhir/us/cqfmeasures/StructureDefinition/proportion-measure-cqfm"/><profile value="http://hl7.org/fhir/uv/crmi/StructureDefinition/crmi-shareablemeasure"/><profile value="http://hl7.org/fhir/uv/crmi/StructureDefinition/crmi-publishablemeasure"/></meta><extension url="http://hl7.org/fhir/us/cqfmeasures/StructureDefinition/cqfm-populationBasis"><valueCode value="boolean"/></extension><url value="http://smart.who.int/hiv/Measure/HIVIND42"/><version value="0.4.4"/><name value="HIVIND42"/><title value="HIV.IND.42 Final outcome of PMTCT"/><status value="draft"/><experimental value="true"/><date value="2024-08-18"/><publisher value="WHO"/><contact><name value="WHO"/><telecom><system value="url"/><value value="http://who.int"/></telecom></contact><description value="% of HIV-exposed infants whose final HIV outcome status is known"/><library value="http://smart.who.int/hiv/Library/HIVIND42Logic"/><scoring><coding><system value="http://terminology.hl7.org/CodeSystem/measure-scoring"/><code value="proportion"/><display value="Proportion"/></coding></scoring><group><extension url="http://hl7.org/fhir/us/cqfmeasures/StructureDefinition/cqfm-improvementNotation"><valueCodeableConcept><coding><system value="http://terminology.hl7.org/CodeSystem/measure-improvement-notation"/><code value="increase"/></coding></valueCodeableConcept></extension><population id="HIV.IND.42.IP"><code><coding><system value="http://terminology.hl7.org/CodeSystem/measure-population"/><code value="initial-population"/><display value="Initial Population"/></coding></code><description value="Initial Population"/><criteria><language value="text/cql-identifier"/><expression value="Initial Population"/></criteria></population><population id="HIV.IND.42.DEN"><code><coding><system value="http://terminology.hl7.org/CodeSystem/measure-population"/><code value="denominator"/><display value="Denominator"/></coding></code><description value="a) Programme-based/service delivery denominator | Number of HIV-exposed infants who were born within the 12 months (or 24 months in breastfeeding settings) prior to the reporting period and registered in the birth cohort | For example, for the reporting period January to December 2021 the denominator would be the number of HIV-exposed infants born between January to December 2020 in non-breast feeding settings and January to December 2019 in breastfeeding settings. |  | b) Population-based denominator | Estimated number of HIV-positive women who delivered within the past 12 months | (or 24 months in breastfeeding settings)"/><criteria><language value="text/cql-identifier"/><expression value="Denominator"/></criteria></population><population id="HIV.IND.42.NUM"><code><coding><system value="http://terminology.hl7.org/CodeSystem/measure-population"/><code value="numerator"/><display value="Numerator"/></coding></code><description value="HIV-exposed infants born within the past 12 months (or 24 months in breastfeeding settings) who have known final HIV outcome status"/><criteria><language value="text/cql-identifier"/><expression value="Numerator"/></criteria></population></group></Measure>