<?xml version="1.0" encoding="UTF-8"?><ValueSet xmlns="http://hl7.org/fhir"><id value="HIV.D.DE146"/><meta><profile value="http://hl7.org/fhir/uv/crmi/StructureDefinition/crmi-shareablevalueset"/><profile value="http://hl7.org/fhir/uv/crmi/StructureDefinition/crmi-publishablevalueset"/><profile value="http://hl7.org/fhir/uv/crmi/StructureDefinition/crmi-computablevalueset"/></meta><text><status value="extensions"/><div xmlns="http://www.w3.org/1999/xhtml"><p class="res-header-id"><b>Generated Narrative: ValueSet HIV.D.DE146</b></p><a name="HIV.D.DE146"> </a><a name="hcHIV.D.DE146"> </a><div style="display: inline-block; background-color: #d9e0e7; padding: 6px; margin: 4px; border: 1px solid #8da1b4; border-radius: 5px; line-height: 60%"><p style="margin-bottom: 0px"/><p style="margin-bottom: 0px">Profiles: <a href="http://hl7.org/fhir/uv/crmi/STU1/StructureDefinition-crmi-shareablevalueset.html">CRMI Shareable ValueSet</a>, <a href="http://hl7.org/fhir/uv/crmi/STU1/StructureDefinition-crmi-publishablevalueset.html">CRMI Publishable ValueSet</a>, <a href="http://hl7.org/fhir/uv/crmi/STU1/StructureDefinition-crmi-computablevalueset.html">CRMI Computable ValueSet</a></p></div><ul><li>Include these codes as defined in <a href="CodeSystem-HIVConcepts.html"><code>http://smart.who.int/hiv/CodeSystem/HIVConcepts</code></a><table class="none"><tr><td style="white-space:nowrap"><b>Code</b></td><td><b>Display</b></td><td><b>Definition</b></td></tr><tr><td><a href="CodeSystem-HIVConcepts.html#HIVConcepts-HIV.46D.46DE147">HIV.D.DE147</a></td><td>NRTI</td><td>Treated with nucleoside reverse transcriptase inhibitors (NRTIs)</td></tr><tr><td><a href="CodeSystem-HIVConcepts.html#HIVConcepts-HIV.46D.46DE148">HIV.D.DE148</a></td><td>NtRTI</td><td>Treated with nucleotide reverse-transcriptase inhibitors (NtRTIs)</td></tr><tr><td><a href="CodeSystem-HIVConcepts.html#HIVConcepts-HIV.46D.46DE149">HIV.D.DE149</a></td><td>NNRTI</td><td>Treated with non-nucleoside reverse transcriptase inhibitors (NNRTIs)</td></tr><tr><td><a href="CodeSystem-HIVConcepts.html#HIVConcepts-HIV.46D.46DE150">HIV.D.DE150</a></td><td>PI</td><td>Treated with protease inhibitors (PIs)</td></tr><tr><td><a href="CodeSystem-HIVConcepts.html#HIVConcepts-HIV.46D.46DE151">HIV.D.DE151</a></td><td>INSTI</td><td>Treated with integrase strand transfer inhibitors (INSTIs)</td></tr></table></li></ul></div></text><url value="http://smart.who.int/hiv/ValueSet/HIV.D.DE146"/><version value="0.4.4"/><name value="HIVDDE146"/><title value="ART regimen drug class ValueSet"/><status value="active"/><experimental value="true"/><date value="2025-07-24T19:22:48+00:00"/><publisher value="WHO"/><contact><name value="WHO"/><telecom><system value="url"/><value value="http://who.int"/></telecom></contact><description value="Value set of drug class of current ART regimen"/><compose><include><system value="http://smart.who.int/hiv/CodeSystem/HIVConcepts"/><concept><code value="HIV.D.DE147"/><display value="NRTI"/></concept><concept><code value="HIV.D.DE148"/><display value="NtRTI"/></concept><concept><code value="HIV.D.DE149"/><display value="NNRTI"/></concept><concept><code value="HIV.D.DE150"/><display value="PI"/></concept><concept><code value="HIV.D.DE151"/><display value="INSTI"/></concept></include></compose></ValueSet>