<?xml version="1.0" encoding="UTF-8"?><ValueSet xmlns="http://hl7.org/fhir"><id value="HIV.A.DE25"/><meta><profile value="http://hl7.org/fhir/uv/crmi/StructureDefinition/crmi-shareablevalueset"/><profile value="http://hl7.org/fhir/uv/crmi/StructureDefinition/crmi-publishablevalueset"/><profile value="http://hl7.org/fhir/uv/crmi/StructureDefinition/crmi-computablevalueset"/></meta><text><status value="extensions"/><div xmlns="http://www.w3.org/1999/xhtml"><p class="res-header-id"><b>Generated Narrative: ValueSet HIV.A.DE25</b></p><a name="HIV.A.DE25"> </a><a name="hcHIV.A.DE25"> </a><div style="display: inline-block; background-color: #d9e0e7; padding: 6px; margin: 4px; border: 1px solid #8da1b4; border-radius: 5px; line-height: 60%"><p style="margin-bottom: 0px"/><p style="margin-bottom: 0px">Profiles: <a href="http://hl7.org/fhir/uv/crmi/STU1/StructureDefinition-crmi-shareablevalueset.html">CRMI Shareable ValueSet</a>, <a href="http://hl7.org/fhir/uv/crmi/STU1/StructureDefinition-crmi-publishablevalueset.html">CRMI Publishable ValueSet</a>, <a href="http://hl7.org/fhir/uv/crmi/STU1/StructureDefinition-crmi-computablevalueset.html">CRMI Computable ValueSet</a></p></div><ul><li>Include these codes as defined in <a href="CodeSystem-HIVConcepts.html"><code>http://smart.who.int/hiv/CodeSystem/HIVConcepts</code></a><table class="none"><tr><td style="white-space:nowrap"><b>Code</b></td><td><b>Display</b></td><td><b>Definition</b></td></tr><tr><td><a href="CodeSystem-HIVConcepts.html#HIVConcepts-HIV.46A.46DE26">HIV.A.DE26</a></td><td>Female</td><td>Client identifies as female</td></tr><tr><td><a href="CodeSystem-HIVConcepts.html#HIVConcepts-HIV.46A.46DE27">HIV.A.DE27</a></td><td>Male</td><td>Client identifies as male</td></tr><tr><td><a href="CodeSystem-HIVConcepts.html#HIVConcepts-HIV.46A.46DE28">HIV.A.DE28</a></td><td>Other</td><td>Client identifies in non-binary way or as a sexual and gender minority (or minorities)</td></tr></table></li></ul></div></text><url value="http://smart.who.int/hiv/ValueSet/HIV.A.DE25"/><version value="0.4.4"/><name value="HIVADE25"/><title value="Sex ValueSet"/><status value="active"/><experimental value="true"/><date value="2025-07-24T19:22:48+00:00"/><publisher value="WHO"/><contact><name value="WHO"/><telecom><system value="url"/><value value="http://who.int"/></telecom></contact><description value="Value set of sex of the client assigned at birth"/><compose><include><system value="http://smart.who.int/hiv/CodeSystem/HIVConcepts"/><concept><code value="HIV.A.DE26"/><display value="Female"/></concept><concept><code value="HIV.A.DE27"/><display value="Male"/></concept><concept><code value="HIV.A.DE28"/><display value="Other"/></concept></include></compose></ValueSet>