<?xml version="1.0" encoding="UTF-8"?>

<Measure xmlns="http://hl7.org/fhir">
  <id value="HIVIND4"/>
  <meta>
    <profile value="http://hl7.org/fhir/us/cqfmeasures/StructureDefinition/cv-measure-cqfm"/>
    <profile value="http://hl7.org/fhir/uv/crmi/StructureDefinition/crmi-shareablemeasure"/>
    <profile value="http://hl7.org/fhir/uv/crmi/StructureDefinition/crmi-publishablemeasure"/>
  </meta>
  <text>
    <status value="extensions"/><div xmlns="http://www.w3.org/1999/xhtml">
  <table class="narrative-table">
    <tbody>
<tr>

<th colspan="2" scope="row" class="row-header">Knowledge Artifact Metadata</th>

</tr>

<tr>

<th scope="row" class="row-header">Name (machine-readable)</th>

<td class="content-container">HIVIND4</td>
</tr>


<tr>

<th scope="row" class="row-header">Title (human-readable)</th>

<td class="content-container">HIV.IND.4 Volume of PrEP prescribed</td>
</tr>



<tr>

<th scope="row" class="row-header">Status</th>

<td class="content-container">Draft</td>
</tr>


<tr>

<th scope="row" class="row-header">Experimental</th>

<td class="content-container">true</td>
</tr>


<tr>

<th scope="row" class="row-header">Description</th>

<td class="content-container"><div><p>Total volume of PrEP product prescribed</p>
</div></td>
</tr>












<tr>

<th scope="row" class="row-header">Measure Steward</th>

<td class="content-container">WHO</td>
</tr>


<tr>

<th scope="row" class="row-header">Steward Contact Details</th>

<td class="content-container">WHO: <a href="http://who.int">http://who.int</a></td>
</tr>











<tr>

<th colspan="2" scope="row" class="row-header">Measure Metadata</th>

</tr>






<tr>

<th scope="row" class="row-header">Version Number</th>

<td class="content-container">0.4.4</td>
</tr>


<tr>

<th scope="row" class="row-header">Measure Scoring</th>

<td class="content-container"><span title="Codes:{http://terminology.hl7.org/CodeSystem/measure-scoring continuous-variable}">Continuous Variable</span></td>
</tr>












  
<tr>

<th scope="row" class="row-header">Population Basis</th>

<td class="content-container">boolean</td>
</tr>





  
    <tr>

<th colspan="2" scope="row" class="row-header">Measure Population Criteria</th>

</tr>
  
  
  
  
    <tr>
      
        
<th scope="row" class="row-header">Initial Population</th>

      
      <td class="content-container">
        
        <em>ID</em>: HIV.IND.4.IP
        <br/>
        
        
          <em>Description</em>:
          <p style="white-space: pre-line" class="tab-one">Initial Population</p>
        
        
          
            
            <em>Logic Definition</em>: <a href="#hivind4logic-initial-population">Initial Population</a> 
          
        
      </td>
    </tr>
  

  
    <tr>
      
        
<th scope="row" class="row-header">Measure Population</th>

      
      <td class="content-container">
        
        <em>ID</em>: HIV.IND.4.MP
        <br/>
        
        
          <em>Description</em>:
          <p style="white-space: pre-line" class="tab-one">Measure Population</p>
        
        
          
            
            <em>Logic Definition</em>: <a href="#hivind4logic-measure-population">Measure Population</a> 
          
        
      </td>
    </tr>
  

  
    <tr>
      
        
<th scope="row" class="row-header">Measure Observation</th>

      
      <td class="content-container">
        
        <em>ID</em>: HIV.IND.4.MO
        <br/>
        
        
          <em>Description</em>:
          <p style="white-space: pre-line" class="tab-one">Measure Observation</p>
        
        
          
            
            <em>Logic Definition</em>: <a href="#hivind4logic-measure-observation">Measure Observation</a> 
          
        
      </td>
    </tr>
  

  
<tr>
  
<th scope="row" class="row-header">Stratifier</th>

  <td class="content-container">
    
      <em>ID</em>: HIV.IND.4.S
      
    
    
    
  </td>
</tr>

  









  
<tr>

<th scope="row" class="row-header">Improvement Notation</th>

<td class="content-container"><span title="Codes:{http://terminology.hl7.org/CodeSystem/measure-improvement-notation increase}">Increased score indicates improvement</span></td>
</tr>






<tr>

<th colspan="2" scope="row" class="row-header">Measure Logic</th>

</tr>

<tr>

<th scope="row" class="row-header">Primary Library</th>

<td class="content-container"><a href="Library-HIVIND4Logic.html">HIV.IND.4 Logic</a></td>
</tr>




<tr>
  <th colspan="2" scope="row" class="row-header">Generated using version 0.4.6 of the sample-content-ig Liquid templates</th>
</tr>
    </tbody>
  </table>
</div>
  </text>
  <extension url="http://hl7.org/fhir/us/cqfmeasures/StructureDefinition/cqfm-populationBasis">
    <valueCode value="boolean"/>
  </extension>
  <url value="http://smart.who.int/hiv/Measure/HIVIND4"/>
  <version value="0.4.4"/>
  <name value="HIVIND4"/>
  <title value="HIV.IND.4 Volume of PrEP prescribed"/>
  <status value="draft"/>
  <experimental value="true"/>
  <date value="2024-08-18"/>
  <publisher value="WHO"/>
  <contact>
    <name value="WHO"/>
    <telecom>
      <system value="url"/>
      <value value="http://who.int"/>
    </telecom>
  </contact>
  <description value="Total volume of PrEP product prescribed"/>
  <library value="http://smart.who.int/hiv/Library/HIVIND4Logic"/>
  <scoring>
    <coding>
      <system value="http://terminology.hl7.org/CodeSystem/measure-scoring"/>
      <code value="continuous-variable"/>
      <display value="Continuous Variable"/>
    </coding>
  </scoring>
  <group>
    <extension url="http://hl7.org/fhir/us/cqfmeasures/StructureDefinition/cqfm-improvementNotation">
      <valueCodeableConcept>
        <coding>
          <system value="http://terminology.hl7.org/CodeSystem/measure-improvement-notation"/>
          <code value="increase"/>
        </coding>
      </valueCodeableConcept>
    </extension>
    <population id="HIV.IND.4.IP">
      <code>
        <coding>
          <system value="http://terminology.hl7.org/CodeSystem/measure-population"/>
          <code value="initial-population"/>
          <display value="Initial Population"/>
        </coding>
      </code>
      <description value="Initial Population"/>
      <criteria>
        <language value="text/cql-identifier"/>
        <expression value="Initial Population"/>
      </criteria>
    </population>
    <population id="HIV.IND.4.MP">
      <extension url="http://hl7.org/fhir/us/cqfmeasures/StructureDefinition/cqfm-populationBasis">
        <valueCode value="boolean"/>
      </extension>
      <code>
        <coding>
          <system value="http://terminology.hl7.org/CodeSystem/measure-population"/>
          <code value="measure-population"/>
          <display value="Measure Population"/>
        </coding>
      </code>
      <description value="Measure Population"/>
      <criteria>
        <language value="text/cql-identifier"/>
        <expression value="Measure Population"/>
      </criteria>
    </population>
    <population id="HIV.IND.4.MO">
      <extension url="http://hl7.org/fhir/us/cqfmeasures/StructureDefinition/cqfm-criteriaReference">
        <valueString value="measure-population"/>
      </extension>
      <extension url="http://hl7.org/fhir/us/cqfmeasures/StructureDefinition/cqfm-aggregateMethod">
        <valueCode value="count"/>
      </extension>
      <code>
        <coding>
          <system value="http://terminology.hl7.org/CodeSystem/measure-population"/>
          <code value="measure-observation"/>
          <display value="Measure Observation"/>
        </coding>
      </code>
      <description value="Measure Observation"/>
      <criteria>
        <language value="text/cql-identifier"/>
        <expression value="Measure Observation"/>
      </criteria>
    </population>
    <stratifier id="HIV.IND.4.S">
      <criteria>
        <language value="text/cql-identifier"/>
        <expression value="Stratification"/>
      </criteria>
    </stratifier>
  </group>
</Measure>