<?xml version="1.0" encoding="UTF-8"?>

<Basic xmlns="http://hl7.org/fhir">
  <id value="HIV.I.Referral"/>
  <text>
    <status value="generated"/><div xmlns="http://www.w3.org/1999/xhtml"><p class="res-header-id"><b>Generated Narrative: Requirements HIV.I.Referral</b></p><a name="HIV.I.Referral"> </a><a name="hcHIV.I.Referral"> </a><table class="grid"><tr><td><b><a name="HIV.FXNREQ.050"> </a></b>HIV.FXNREQ.050</td><td/><td><div><p>As a Facility staff member
I want to bypass the standard flow at any point if there are signs of serious illness or emergency care is needed; urgent cases should be flagged and seen promptly
So that the client can be referred, if needed.</p>
</div></td></tr><tr><td><b><a name="HIV.FXNREQ.051"> </a></b>HIV.FXNREQ.051</td><td/><td><div><p>As a Health worker
I want to be able to find out where the required service may be available
So that I can refer my client to another facility to receive the appropriate services</p>
</div></td></tr><tr><td><b><a name="HIV.FXNREQ.052"> </a></b>HIV.FXNREQ.052</td><td/><td><div><p>As a Health worker
I want  to have the ability to find facilities that can provide the service or method that mine cannot provide
So that the client does not travel to a facility that cannot help them</p>
</div></td></tr><tr><td><b><a name="HIV.FXNREQ.053"> </a></b>HIV.FXNREQ.053</td><td/><td><div><p>As a Health worker
I want to have a list of the contact information for referral facilities
So that I can easily contact the facility when making the referral arrangements</p>
</div></td></tr><tr><td><b><a name="HIV.FXNREQ.054"> </a></b>HIV.FXNREQ.054</td><td/><td><div><p>As a Health worker
I want to be able to share the client’s health records with the referral facility staff
So that they can provide the care that the client needs</p>
</div></td></tr><tr><td><b><a name="HIV.FXNREQ.055"> </a></b>HIV.FXNREQ.055</td><td/><td><div><p>As a Health worker
I want to know what care and treatment the client received at the referral facility
So that I can provide appropriate care if the client comes back to my facility</p>
</div></td></tr></table></div>
  </text>
  <extension url="http://hl7.org/fhir/5.0/StructureDefinition/extension-Requirements.url">
    <valueUri value="http://smart.who.int/hiv/Requirements/HIV.I.Referral"/>
  </extension>
  <extension url="http://hl7.org/fhir/5.0/StructureDefinition/extension-Requirements.version">
    <valueString value="0.4.4"/>
  </extension>
  <extension url="http://hl7.org/fhir/5.0/StructureDefinition/extension-Requirements.status">
    <valueCode value="active"/>
  </extension>
  <extension url="http://hl7.org/fhir/5.0/StructureDefinition/extension-Requirements.date">
    <valueDateTime value="2025-07-24T19:46:28+00:00"/>
  </extension>
  <extension url="http://hl7.org/fhir/5.0/StructureDefinition/extension-Requirements.publisher">
    <valueString value="WHO"/>
  </extension>
  <extension url="http://hl7.org/fhir/5.0/StructureDefinition/extension-Requirements.contact">
    <valueContactDetail>
      <name value="WHO"/>
      <telecom>
        <system value="url"/>
        <value value="http://who.int"/>
      </telecom>
    </valueContactDetail>
  </extension>
  <extension url="http://hl7.org/fhir/5.0/StructureDefinition/extension-Requirements.jurisdiction"/>
  <extension url="http://hl7.org/fhir/5.0/StructureDefinition/extension-Requirements.statement">
    <extension url="http://hl7.org/fhir/5.0/StructureDefinition/extension-Requirements.statement.key">
      <valueId value="HIV.FXNREQ.050"/>
    </extension>
    <extension url="http://hl7.org/fhir/5.0/StructureDefinition/extension-Requirements.statement.requirement">
      <valueMarkdown value="As a Facility staff member&#xA;I want to bypass the standard flow at any point if there are signs of serious illness or emergency care is needed; urgent cases should be flagged and seen promptly&#xA;So that the client can be referred, if needed."/>
    </extension>
  </extension>
  <extension url="http://hl7.org/fhir/5.0/StructureDefinition/extension-Requirements.statement">
    <extension url="http://hl7.org/fhir/5.0/StructureDefinition/extension-Requirements.statement.key">
      <valueId value="HIV.FXNREQ.051"/>
    </extension>
    <extension url="http://hl7.org/fhir/5.0/StructureDefinition/extension-Requirements.statement.requirement">
      <valueMarkdown value="As a Health worker&#xA;I want to be able to find out where the required service may be available&#xA;So that I can refer my client to another facility to receive the appropriate services"/>
    </extension>
  </extension>
  <extension url="http://hl7.org/fhir/5.0/StructureDefinition/extension-Requirements.statement">
    <extension url="http://hl7.org/fhir/5.0/StructureDefinition/extension-Requirements.statement.key">
      <valueId value="HIV.FXNREQ.052"/>
    </extension>
    <extension url="http://hl7.org/fhir/5.0/StructureDefinition/extension-Requirements.statement.requirement">
      <valueMarkdown value="As a Health worker&#xA;I want  to have the ability to find facilities that can provide the service or method that mine cannot provide&#xA;So that the client does not travel to a facility that cannot help them"/>
    </extension>
  </extension>
  <extension url="http://hl7.org/fhir/5.0/StructureDefinition/extension-Requirements.statement">
    <extension url="http://hl7.org/fhir/5.0/StructureDefinition/extension-Requirements.statement.key">
      <valueId value="HIV.FXNREQ.053"/>
    </extension>
    <extension url="http://hl7.org/fhir/5.0/StructureDefinition/extension-Requirements.statement.requirement">
      <valueMarkdown value="As a Health worker&#xA;I want to have a list of the contact information for referral facilities&#xA;So that I can easily contact the facility when making the referral arrangements"/>
    </extension>
  </extension>
  <extension url="http://hl7.org/fhir/5.0/StructureDefinition/extension-Requirements.statement">
    <extension url="http://hl7.org/fhir/5.0/StructureDefinition/extension-Requirements.statement.key">
      <valueId value="HIV.FXNREQ.054"/>
    </extension>
    <extension url="http://hl7.org/fhir/5.0/StructureDefinition/extension-Requirements.statement.requirement">
      <valueMarkdown value="As a Health worker&#xA;I want to be able to share the client’s health records with the referral facility staff&#xA;So that they can provide the care that the client needs"/>
    </extension>
  </extension>
  <extension url="http://hl7.org/fhir/5.0/StructureDefinition/extension-Requirements.statement">
    <extension url="http://hl7.org/fhir/5.0/StructureDefinition/extension-Requirements.statement.key">
      <valueId value="HIV.FXNREQ.055"/>
    </extension>
    <extension url="http://hl7.org/fhir/5.0/StructureDefinition/extension-Requirements.statement.requirement">
      <valueMarkdown value="As a Health worker&#xA;I want to know what care and treatment the client received at the referral facility&#xA;So that I can provide appropriate care if the client comes back to my facility"/>
    </extension>
  </extension>
  <code>
    <coding>
      <system value="http://hl7.org/fhir/fhir-types"/>
      <code value="Requirements"/>
    </coding>
  </code>
</Basic>