<?xml version="1.0" encoding="UTF-8"?><ActivityDefinition xmlns="http://hl7.org/fhir"><id value="HIVGuidanceCommunicationRequestActivity"/><meta><profile value="http://hl7.org/fhir/uv/cpg/StructureDefinition/cpg-communicationactivity"/></meta><url value="http://smart.who.int/hiv/ActivityDefinition/HIVGuidanceCommunicationRequestActivity"/><version value="0.4.4"/><name value="HIVGuidanceCommunicationRequestActivity"/><title value="HIVGuidanceCommunicationRequestActivity"/><status value="draft"/><experimental value="true"/><date value="2024-07-25"/><publisher value="WHO"/><contact><name value="WHO"/><telecom><system value="url"/><value value="http://who.int"/></telecom></contact><description value="CommunicationRequest to provide HIV Guidance to practitioner"/><kind value="CommunicationRequest"/><profile value="http://hl7.org/fhir/uv/cpg/StructureDefinition/cpg-communicationrequest"/><intent value="proposal"/><doNotPerform value="false"/><dynamicValue><path value="status"/><expression><description value="Status = 'draft'"/><language value="text/cql"/><expression value="'draft' from &quot;http://hl7.org/fhir/request-status&quot;"/></expression></dynamicValue><dynamicValue><path value="priority"/><expression><description value="Priority = 'routine'"/><language value="text/cql"/><expression value="'routine' from &quot;http://hl7.org/fhir/request-priority&quot;"/></expression></dynamicValue></ActivityDefinition>