<?xml version="1.0" encoding="UTF-8"?><Measure xmlns="http://hl7.org/fhir"><id value="HIVIND93"/><meta><profile value="http://hl7.org/fhir/us/cqfmeasures/StructureDefinition/cv-measure-cqfm"/><profile value="http://hl7.org/fhir/uv/crmi/StructureDefinition/crmi-shareablemeasure"/><profile value="http://hl7.org/fhir/uv/crmi/StructureDefinition/crmi-publishablemeasure"/></meta><extension url="http://hl7.org/fhir/us/cqfmeasures/StructureDefinition/cqfm-populationBasis"><valueCode value="boolean"/></extension><url value="http://smart.who.int/hiv/Measure/HIVIND93"/><version value="0.4.4"/><name value="HIVIND93"/><title value="HIV.IND.93 Cervical cancer screening"/><status value="draft"/><experimental value="true"/><date value="2024-08-18"/><publisher value="WHO"/><contact><name value="WHO"/><telecom><system value="url"/><value value="http://who.int"/></telecom></contact><description value="Number of women living with HIV who were screened for cervical cancer using any screening test"/><library value="http://smart.who.int/hiv/Library/HIVIND93Logic"/><scoring><coding><system value="http://terminology.hl7.org/CodeSystem/measure-scoring"/><code value="continuous-variable"/><display value="Continuous Variable"/></coding></scoring><group><extension url="http://hl7.org/fhir/us/cqfmeasures/StructureDefinition/cqfm-improvementNotation"><valueCodeableConcept><coding><system value="http://terminology.hl7.org/CodeSystem/measure-improvement-notation"/><code value="increase"/></coding></valueCodeableConcept></extension><population id="HIV.IND.93.IP"><code><coding><system value="http://terminology.hl7.org/CodeSystem/measure-population"/><code value="initial-population"/><display value="Initial Population"/></coding></code><description value="Initial Population"/><criteria><language value="text/cql-identifier"/><expression value="Initial Population"/></criteria></population><population id="HIV.IND.93.MP"><extension url="http://hl7.org/fhir/us/cqfmeasures/StructureDefinition/cqfm-populationBasis"><valueCode value="boolean"/></extension><code><coding><system value="http://terminology.hl7.org/CodeSystem/measure-population"/><code value="measure-population"/><display value="Measure Population"/></coding></code><description value="Measure Population"/><criteria><language value="text/cql-identifier"/><expression value="Measure Population"/></criteria></population><population id="HIV.IND.93.MO"><extension url="http://hl7.org/fhir/us/cqfmeasures/StructureDefinition/cqfm-criteriaReference"><valueString value="measure-population"/></extension><extension url="http://hl7.org/fhir/us/cqfmeasures/StructureDefinition/cqfm-aggregateMethod"><valueCode value="count"/></extension><code><coding><system value="http://terminology.hl7.org/CodeSystem/measure-population"/><code value="measure-observation"/><display value="Measure Observation"/></coding></code><description value="Measure Observation"/><criteria><language value="text/cql-identifier"/><expression value="Measure Observation"/></criteria></population></group></Measure>