<?xml version="1.0" encoding="UTF-8"?><Measure xmlns="http://hl7.org/fhir"><id value="HIVIND38"/><meta><profile value="http://hl7.org/fhir/us/cqfmeasures/StructureDefinition/proportion-measure-cqfm"/><profile value="http://hl7.org/fhir/uv/crmi/StructureDefinition/crmi-shareablemeasure"/><profile value="http://hl7.org/fhir/uv/crmi/StructureDefinition/crmi-publishablemeasure"/></meta><extension url="http://hl7.org/fhir/us/cqfmeasures/StructureDefinition/cqfm-populationBasis"><valueCode value="boolean"/></extension><url value="http://smart.who.int/hiv/Measure/HIVIND38"/><version value="0.4.4"/><name value="HIVIND38"/><title value="HIV.IND.38 Early infant diagnosis (EID) coverage"/><status value="draft"/><experimental value="true"/><date value="2024-08-18"/><publisher value="WHO"/><contact><name value="WHO"/><telecom><system value="url"/><value value="http://who.int"/></telecom></contact><description value="% of HIV-exposed infants who receive a virological test for HIV within two months (and 12 months) of birth"/><library value="http://smart.who.int/hiv/Library/HIVIND38Logic"/><scoring><coding><system value="http://terminology.hl7.org/CodeSystem/measure-scoring"/><code value="proportion"/><display value="Proportion"/></coding></scoring><group><extension url="http://hl7.org/fhir/us/cqfmeasures/StructureDefinition/cqfm-improvementNotation"><valueCodeableConcept><coding><system value="http://terminology.hl7.org/CodeSystem/measure-improvement-notation"/><code value="increase"/></coding></valueCodeableConcept></extension><population id="HIV.IND.38.IP"><code><coding><system value="http://terminology.hl7.org/CodeSystem/measure-population"/><code value="initial-population"/><display value="Initial Population"/></coding></code><description value="Initial Population"/><criteria><language value="text/cql-identifier"/><expression value="Initial Population"/></criteria></population><population id="HIV.IND.38.DEN"><code><coding><system value="http://terminology.hl7.org/CodeSystem/measure-population"/><code value="denominator"/><display value="Denominator"/></coding></code><description value="Estimated number of HIV-positive women who delivered during the reporting period.   |  | Note: The denominator is a proxy measure for the number of infants born to HIV-infected women."/><criteria><language value="text/cql-identifier"/><expression value="Denominator"/></criteria></population><population id="HIV.IND.38.NUM"><code><coding><system value="http://terminology.hl7.org/CodeSystem/measure-population"/><code value="numerator"/><display value="Numerator"/></coding></code><description value="Number of HIV-exposed infants born during the reporting period who received a virological HIV test within two months (and 12 months) of birth"/><criteria><language value="text/cql-identifier"/><expression value="Numerator"/></criteria></population><stratifier id="HIV.IND.38.S.GR"><criteria><language value="text/cql-identifier"/><expression value="Geographic Region Stratifier"/></criteria></stratifier></group></Measure>