<?xml version="1.0" encoding="UTF-8"?><PlanDefinition xmlns="http://hl7.org/fhir"><id value="HIVC23DT"/><meta><profile value="http://hl7.org/fhir/uv/cpg/StructureDefinition/cpg-recommendationdefinition"/><profile value="http://hl7.org/fhir/uv/crmi/StructureDefinition/crmi-shareableplandefinition"/><profile value="http://hl7.org/fhir/uv/crmi/StructureDefinition/crmi-publishableplandefinition"/></meta><extension url="http://hl7.org/fhir/StructureDefinition/cqf-knowledgeCapability"><valueCode value="computable"/></extension><url value="http://smart.who.int/hiv/PlanDefinition/HIVC23DT"/><version value="0.4.4"/><name value="HIVC23DT"/><title value="HIV.C23.DT Determine PEP or PrEP regimen"/><type><coding><system value="http://terminology.hl7.org/CodeSystem/plan-definition-type"/><code value="eca-rule"/></coding></type><status value="draft"/><experimental value="true"/><date value="2025-07-24T19:25:44+00:00"/><publisher value="WHO"/><contact><name value="WHO"/><telecom><system value="url"/><value value="http://who.int"/></telecom></contact><description value="Determine PEP or PrEP regimen"/><relatedArtifact><type value="citation"/><citation value="Consolidated Guidelines on HIV Testing Services (2019)"/></relatedArtifact><library value="http://smart.who.int/hiv/Library/HIVC23DTLogic"/><action><textEquivalent value="Determine PEP or PrEP regimen"/><action><textEquivalent value="Prescribe appropriate PrEP regimen"/><condition><kind value="applicability"/><expression><language value="text/cql-identifier"/><expression value="Recommended PrEP regimen"/></expression></condition><definitionCanonical value="http://smart.who.int/hiv/ActivityDefinition/HIVGuidanceCommunicationRequestActivity"/><dynamicValue><path value="description"/><expression><language value="text/cql-identifier"/><expression value="Guidance"/></expression></dynamicValue></action><action><textEquivalent value="Prescribe appropriate PEP regimen"/><condition><kind value="applicability"/><expression><language value="text/cql-identifier"/><expression value="Preferred PEP backbone regimen"/></expression></condition><definitionCanonical value="http://smart.who.int/hiv/ActivityDefinition/HIVGuidanceCommunicationRequestActivity"/><dynamicValue><path value="description"/><expression><language value="text/cql-identifier"/><expression value="Guidance"/></expression></dynamicValue></action></action></PlanDefinition>