<?xml version="1.0" encoding="UTF-8"?><ValueSet xmlns="http://hl7.org/fhir"><id value="HIV.D.DE247"/><meta><profile value="http://hl7.org/fhir/uv/crmi/StructureDefinition/crmi-shareablevalueset"/><profile value="http://hl7.org/fhir/uv/crmi/StructureDefinition/crmi-publishablevalueset"/><profile value="http://hl7.org/fhir/uv/crmi/StructureDefinition/crmi-computablevalueset"/></meta><text><status value="extensions"/><div xmlns="http://www.w3.org/1999/xhtml"><p class="res-header-id"><b>Generated Narrative: ValueSet HIV.D.DE247</b></p><a name="HIV.D.DE247"> </a><a name="hcHIV.D.DE247"> </a><div style="display: inline-block; background-color: #d9e0e7; padding: 6px; margin: 4px; border: 1px solid #8da1b4; border-radius: 5px; line-height: 60%"><p style="margin-bottom: 0px"/><p style="margin-bottom: 0px">Profiles: <a href="http://hl7.org/fhir/uv/crmi/STU1/StructureDefinition-crmi-shareablevalueset.html">CRMI Shareable ValueSet</a>, <a href="http://hl7.org/fhir/uv/crmi/STU1/StructureDefinition-crmi-publishablevalueset.html">CRMI Publishable ValueSet</a>, <a href="http://hl7.org/fhir/uv/crmi/STU1/StructureDefinition-crmi-computablevalueset.html">CRMI Computable ValueSet</a></p></div><ul><li>Include these codes as defined in <a href="CodeSystem-HIVConcepts.html"><code>http://smart.who.int/hiv/CodeSystem/HIVConcepts</code></a><table class="none"><tr><td style="white-space:nowrap"><b>Code</b></td><td><b>Display</b></td><td><b>Definition</b></td></tr><tr><td><a href="CodeSystem-HIVConcepts.html#HIVConcepts-HIV.46D.46DE248">HIV.D.DE248</a></td><td>Provide co-trimoxazole preventive therapy (CPT)</td><td>Provide co-trimoxazole prophylaxis for clients new to ART or identified as taking it</td></tr><tr><td><a href="CodeSystem-HIVConcepts.html#HIVConcepts-HIV.46D.46DE249">HIV.D.DE249</a></td><td>Intensified TB case finding and linkage to TB treatment</td><td>Offer or refer for intensified TB case finding and linkage to TB treatment</td></tr><tr><td><a href="CodeSystem-HIVConcepts.html#HIVConcepts-HIV.46D.46DE250">HIV.D.DE250</a></td><td>Provide isoniazid preventive therapy</td><td>Provide isoniazid preventive therapy</td></tr><tr><td><a href="CodeSystem-HIVConcepts.html#HIVConcepts-HIV.46D.46DE251">HIV.D.DE251</a></td><td>Screen for cryptococcal infection and fungal prophylaxis</td><td>Screen for cryptococcal infection and fungal prophylaxis</td></tr><tr><td><a href="CodeSystem-HIVConcepts.html#HIVConcepts-HIV.46D.46DE252">HIV.D.DE252</a></td><td>Screen for hepatitis B</td><td>Screen for hepatitis B virus</td></tr><tr><td><a href="CodeSystem-HIVConcepts.html#HIVConcepts-HIV.46D.46DE253">HIV.D.DE253</a></td><td>Screen for hepatitis C</td><td>Screen for hepatitis C virus</td></tr><tr><td><a href="CodeSystem-HIVConcepts.html#HIVConcepts-HIV.46D.46DE254">HIV.D.DE254</a></td><td>Prevent malaria</td><td>Prevent malaria including with insecticide-treated bed-nets and prophylaxis</td></tr><tr><td><a href="CodeSystem-HIVConcepts.html#HIVConcepts-HIV.46D.46DE255">HIV.D.DE255</a></td><td>Screen for STIs</td><td>Screen for STIs</td></tr><tr><td><a href="CodeSystem-HIVConcepts.html#HIVConcepts-HIV.46D.46DE256">HIV.D.DE256</a></td><td>Prevent and screen for cervical cancer</td><td>Prevent and screen for cervical cancer</td></tr><tr><td><a href="CodeSystem-HIVConcepts.html#HIVConcepts-HIV.46D.46DE257">HIV.D.DE257</a></td><td>Anal cancer screening (for men who have sex with men)</td><td>Offer anal cancer screening (for men who have sex with men)</td></tr><tr><td><a href="CodeSystem-HIVConcepts.html#HIVConcepts-HIV.46D.46DE258">HIV.D.DE258</a></td><td>Assessment and provision of vaccinations</td><td>Assessment and provision of vaccinations, such as for people from key populations, pregnant women and infants; and, where appropriate, tetanus vaccination for adolescent boys and men receiving VMMC</td></tr></table></li></ul></div></text><url value="http://smart.who.int/hiv/ValueSet/HIV.D.DE247"/><version value="0.4.4"/><name value="HIVDDE247"/><title value="Preventing and treating coinfections ValueSet"/><status value="active"/><experimental value="true"/><date value="2025-07-24T19:25:44+00:00"/><publisher value="WHO"/><contact><name value="WHO"/><telecom><system value="url"/><value value="http://who.int"/></telecom></contact><description value="Value set of coinfection prevention and treatment activities performed during the care visit"/><compose><include><system value="http://smart.who.int/hiv/CodeSystem/HIVConcepts"/><concept><code value="HIV.D.DE248"/><display value="Provide co-trimoxazole preventive therapy (CPT)"/></concept><concept><code value="HIV.D.DE249"/><display value="Intensified TB case finding and linkage to TB treatment"/></concept><concept><code value="HIV.D.DE250"/><display value="Provide isoniazid preventive therapy"/></concept><concept><code value="HIV.D.DE251"/><display value="Screen for cryptococcal infection and fungal prophylaxis"/></concept><concept><code value="HIV.D.DE252"/><display value="Screen for hepatitis B"/></concept><concept><code value="HIV.D.DE253"/><display value="Screen for hepatitis C"/></concept><concept><code value="HIV.D.DE254"/><display value="Prevent malaria"/></concept><concept><code value="HIV.D.DE255"/><display value="Screen for STIs"/></concept><concept><code value="HIV.D.DE256"/><display value="Prevent and screen for cervical cancer"/></concept><concept><code value="HIV.D.DE257"/><display value="Anal cancer screening (for men who have sex with men)"/></concept><concept><code value="HIV.D.DE258"/><display value="Assessment and provision of vaccinations"/></concept></include></compose></ValueSet>