<?xml version="1.0" encoding="UTF-8"?><ValueSet xmlns="http://hl7.org/fhir"><id value="HIV.Config.DE12"/><meta><profile value="http://hl7.org/fhir/uv/crmi/StructureDefinition/crmi-shareablevalueset"/><profile value="http://hl7.org/fhir/uv/crmi/StructureDefinition/crmi-publishablevalueset"/><profile value="http://hl7.org/fhir/uv/crmi/StructureDefinition/crmi-computablevalueset"/></meta><text><status value="extensions"/><div xmlns="http://www.w3.org/1999/xhtml"><p class="res-header-id"><b>Generated Narrative: ValueSet HIV.Config.DE12</b></p><a name="HIV.Config.DE12"> </a><a name="hcHIV.Config.DE12"> </a><div style="display: inline-block; background-color: #d9e0e7; padding: 6px; margin: 4px; border: 1px solid #8da1b4; border-radius: 5px; line-height: 60%"><p style="margin-bottom: 0px"/><p style="margin-bottom: 0px">Profiles: <a href="http://hl7.org/fhir/uv/crmi/STU1/StructureDefinition-crmi-shareablevalueset.html">CRMI Shareable ValueSet</a>, <a href="http://hl7.org/fhir/uv/crmi/STU1/StructureDefinition-crmi-publishablevalueset.html">CRMI Publishable ValueSet</a>, <a href="http://hl7.org/fhir/uv/crmi/STU1/StructureDefinition-crmi-computablevalueset.html">CRMI Computable ValueSet</a></p></div><ul><li>Include these codes as defined in <a href="CodeSystem-HIVConcepts.html"><code>http://smart.who.int/hiv/CodeSystem/HIVConcepts</code></a><table class="none"><tr><td style="white-space:nowrap"><b>Code</b></td><td><b>Display</b></td><td><b>Definition</b></td></tr><tr><td><a href="CodeSystem-HIVConcepts.html#HIVConcepts-HIV.46Config.46DE13">HIV.Config.DE13</a></td><td>High HIV burden setting</td><td>Settings with &gt;5% national HIV prevalence and subpopulations and geographic settings where HIV prevalence and/or incidence is higher than nationally.</td></tr><tr><td><a href="CodeSystem-HIVConcepts.html#HIVConcepts-HIV.46Config.46DE14">HIV.Config.DE14</a></td><td>Low HIV burden setting</td><td>Settings with &lt;5% HIV national prevalence but where certain populations (primarily key populations and their partners) and geographic settings may have higher HIV prevalence and/or incidence than nationally and, therefore, need priority in the HIV response</td></tr></table></li></ul></div></text><url value="http://smart.who.int/hiv/ValueSet/HIV.Config.DE12"/><version value="0.4.4"/><name value="HIVConfigDE12"/><title value="HIV burden of the setting ValueSet"/><status value="active"/><experimental value="true"/><date value="2025-07-24T19:25:44+00:00"/><publisher value="WHO"/><contact><name value="WHO"/><telecom><system value="url"/><value value="http://who.int"/></telecom></contact><description value="Value set of HIV burden of the setting (high or low) based on the national HIV prevalence or where the HIV prevalence and/or incidence in a geographical setting is higher than national prevalence and, therefore, needs priority in the HIV response"/><compose><include><system value="http://smart.who.int/hiv/CodeSystem/HIVConcepts"/><concept><code value="HIV.Config.DE13"/><display value="High HIV burden setting"/></concept><concept><code value="HIV.Config.DE14"/><display value="Low HIV burden setting"/></concept></include></compose></ValueSet>