<?xml version="1.0" encoding="UTF-8"?><ValueSet xmlns="http://hl7.org/fhir"><id value="HIV.D.DE90"/><meta><profile value="http://hl7.org/fhir/uv/crmi/StructureDefinition/crmi-shareablevalueset"/><profile value="http://hl7.org/fhir/uv/crmi/StructureDefinition/crmi-publishablevalueset"/><profile value="http://hl7.org/fhir/uv/crmi/StructureDefinition/crmi-computablevalueset"/></meta><text><status value="extensions"/><div xmlns="http://www.w3.org/1999/xhtml"><p class="res-header-id"><b>Generated Narrative: ValueSet HIV.D.DE90</b></p><a name="HIV.D.DE90"> </a><a name="hcHIV.D.DE90"> </a><div style="display: inline-block; background-color: #d9e0e7; padding: 6px; margin: 4px; border: 1px solid #8da1b4; border-radius: 5px; line-height: 60%"><p style="margin-bottom: 0px"/><p style="margin-bottom: 0px">Profiles: <a href="http://hl7.org/fhir/uv/crmi/STU1/StructureDefinition-crmi-shareablevalueset.html">CRMI Shareable ValueSet</a>, <a href="http://hl7.org/fhir/uv/crmi/STU1/StructureDefinition-crmi-publishablevalueset.html">CRMI Publishable ValueSet</a>, <a href="http://hl7.org/fhir/uv/crmi/STU1/StructureDefinition-crmi-computablevalueset.html">CRMI Computable ValueSet</a></p></div><ul><li>Include these codes as defined in <a href="CodeSystem-HIVConcepts.html"><code>http://smart.who.int/hiv/CodeSystem/HIVConcepts</code></a><table class="none"><tr><td style="white-space:nowrap"><b>Code</b></td><td><b>Display</b></td><td><b>Definition</b></td></tr><tr><td><a href="CodeSystem-HIVConcepts.html#HIVConcepts-HIV.46D.46DE91">HIV.D.DE91</a></td><td>ABC + 3TC + ATV/r</td><td>Regimen containing abacavir, lamivudine, and atazanavir/ritonavir</td></tr><tr><td><a href="CodeSystem-HIVConcepts.html#HIVConcepts-HIV.46D.46DE92">HIV.D.DE92</a></td><td>ABC + 3TC + DTG</td><td>Regimen containing abacavir, lamivudine, and dolutegravir</td></tr><tr><td><a href="CodeSystem-HIVConcepts.html#HIVConcepts-HIV.46D.46DE93">HIV.D.DE93</a></td><td>ABC + 3TC + EFV</td><td>Regimen containing abacavir, lamivudine, and efavarinez</td></tr><tr><td><a href="CodeSystem-HIVConcepts.html#HIVConcepts-HIV.46D.46DE94">HIV.D.DE94</a></td><td>ABC + 3TC + LPV/r</td><td>Regimen containing abacavir, lamivudine, and lopinavir/ritonavir</td></tr><tr><td><a href="CodeSystem-HIVConcepts.html#HIVConcepts-HIV.46D.46DE95">HIV.D.DE95</a></td><td>ABC + 3TC + NVP</td><td>Regimen containing abacavir, lamivudine, and nevirapine</td></tr><tr><td><a href="CodeSystem-HIVConcepts.html#HIVConcepts-HIV.46D.46DE96">HIV.D.DE96</a></td><td>ABC + 3TC + RAL</td><td>Regimen containing abacavir, lamivudine, and raltegravir</td></tr><tr><td><a href="CodeSystem-HIVConcepts.html#HIVConcepts-HIV.46D.46DE97">HIV.D.DE97</a></td><td>AZT + 3TC + ATV/r</td><td>Regimen containing zidovudine, lamivudine, and atazanavir/ritonavir</td></tr><tr><td><a href="CodeSystem-HIVConcepts.html#HIVConcepts-HIV.46D.46DE98">HIV.D.DE98</a></td><td>AZT + 3TC + DRV/r</td><td>Regimen containing zidovudine, lamivudine, and darunavir/ritonavir</td></tr><tr><td><a href="CodeSystem-HIVConcepts.html#HIVConcepts-HIV.46D.46DE99">HIV.D.DE99</a></td><td>AZT + 3TC + DTG</td><td>Regimen containing zidovudine, lamivudine, and dolutegravir</td></tr><tr><td><a href="CodeSystem-HIVConcepts.html#HIVConcepts-HIV.46D.46DE100">HIV.D.DE100</a></td><td>AZT + 3TC + EFV</td><td>Regimen containing zidovudine, lamivudine, and efavirenz</td></tr><tr><td><a href="CodeSystem-HIVConcepts.html#HIVConcepts-HIV.46D.46DE101">HIV.D.DE101</a></td><td>AZT + 3TC + EFV 600 mg</td><td>Regimen containing zidovudine, lamivudine, and efavirenz 600 mg</td></tr><tr><td><a href="CodeSystem-HIVConcepts.html#HIVConcepts-HIV.46D.46DE102">HIV.D.DE102</a></td><td>AZT + 3TC + LPV/r</td><td>Regimen containing zidovudine, lamivudine, and lopinavir/ritonavir</td></tr><tr><td><a href="CodeSystem-HIVConcepts.html#HIVConcepts-HIV.46D.46DE103">HIV.D.DE103</a></td><td>AZT + 3TC + NVP</td><td>Regimen containing zidovudine, lamivudine, and nevirapine</td></tr><tr><td><a href="CodeSystem-HIVConcepts.html#HIVConcepts-HIV.46D.46DE104">HIV.D.DE104</a></td><td>AZT + 3TC + RAL</td><td>Regimen containing zidovudine, lamivudine, and raltegravir</td></tr><tr><td><a href="CodeSystem-HIVConcepts.html#HIVConcepts-HIV.46D.46DE105">HIV.D.DE105</a></td><td>TAF + 3TC + DTG</td><td>Regimen containing tenofovir alafenamide, lamivudine, and dolutegravir</td></tr><tr><td><a href="CodeSystem-HIVConcepts.html#HIVConcepts-HIV.46D.46DE106">HIV.D.DE106</a></td><td>TAF + FTC + DTG</td><td>Regimen containing tenofovir alafenamide, emtricitabine, and dolutegravir</td></tr><tr><td><a href="CodeSystem-HIVConcepts.html#HIVConcepts-HIV.46D.46DE107">HIV.D.DE107</a></td><td>TDF + 3TC + ATV/r</td><td>Regimen containing tenofovir disoproxil fumarate, lamivudine, and atazanavir/ritonavir</td></tr><tr><td><a href="CodeSystem-HIVConcepts.html#HIVConcepts-HIV.46D.46DE108">HIV.D.DE108</a></td><td>TDF + 3TC + DRV/r</td><td>Regimen containing tenofovir disoproxil fumarate, lamivudine, and darunavir/ritonavir</td></tr><tr><td><a href="CodeSystem-HIVConcepts.html#HIVConcepts-HIV.46D.46DE109">HIV.D.DE109</a></td><td>TDF + 3TC + DTG</td><td>Regimen containing tenofovir disoproxil fumarate, lamivudine, and dolutegravir</td></tr><tr><td><a href="CodeSystem-HIVConcepts.html#HIVConcepts-HIV.46D.46DE110">HIV.D.DE110</a></td><td>TDF + 3TC + EFV</td><td>Regimen containing tenofovir disoproxil fumarate, lamivudine, and efavirenz</td></tr><tr><td><a href="CodeSystem-HIVConcepts.html#HIVConcepts-HIV.46D.46DE111">HIV.D.DE111</a></td><td>TDF + 3TC + EFV 400 mg</td><td>Regimen containing tenofovir disoproxil fumarate, lamivudine, and efavirenz (400 mg)</td></tr><tr><td><a href="CodeSystem-HIVConcepts.html#HIVConcepts-HIV.46D.46DE112">HIV.D.DE112</a></td><td>TDF + 3TC + EFV 600 mg</td><td>Regimen containing tenofovir disoproxil fumarate, lamivudine, and efavirenz (600 mg)</td></tr><tr><td><a href="CodeSystem-HIVConcepts.html#HIVConcepts-HIV.46D.46DE113">HIV.D.DE113</a></td><td>TDF + 3TC + LPV/r</td><td>Regimen containing tenofovir disoproxil fumarate, lamivudine, and lopinavir/ritonavir</td></tr><tr><td><a href="CodeSystem-HIVConcepts.html#HIVConcepts-HIV.46D.46DE114">HIV.D.DE114</a></td><td>TDF + 3TC + NVP</td><td>Regimen containing tenofovir disoproxil fumarate, lamivudine, and nevirapine</td></tr><tr><td><a href="CodeSystem-HIVConcepts.html#HIVConcepts-HIV.46D.46DE115">HIV.D.DE115</a></td><td>TDF + 3TC + PI/r</td><td>Regimen containing tenofovir disoproxil fumarate, lamivudine, and a boosted protease inhibitor</td></tr><tr><td><a href="CodeSystem-HIVConcepts.html#HIVConcepts-HIV.46D.46DE116">HIV.D.DE116</a></td><td>TDF + 3TC + RAL</td><td>Regimen containing tenofovir disoproxil fumarate, lamivudine, and raltegravir</td></tr><tr><td><a href="CodeSystem-HIVConcepts.html#HIVConcepts-HIV.46D.46DE117">HIV.D.DE117</a></td><td>TDF + FTC + ATV/r</td><td>Regimen containing tenofovir disoproxil fumarate, emtricitabine, and atazanavir/ritonavir</td></tr><tr><td><a href="CodeSystem-HIVConcepts.html#HIVConcepts-HIV.46D.46DE118">HIV.D.DE118</a></td><td>TDF + FTC + DRV/r</td><td>Regimen containing tenofovir disoproxil fumarate, emtricitabine, and darunavir/ritonavir</td></tr><tr><td><a href="CodeSystem-HIVConcepts.html#HIVConcepts-HIV.46D.46DE119">HIV.D.DE119</a></td><td>TDF + FTC + DTG</td><td>Regimen containing tenofovir disoproxil fumarate, emtricitabine, and dolutegravir</td></tr><tr><td><a href="CodeSystem-HIVConcepts.html#HIVConcepts-HIV.46D.46DE120">HIV.D.DE120</a></td><td>TDF + FTC + EFV</td><td>Regimen containing tenofovir disoproxil fumarate, emtricitabine, and efavirenz</td></tr><tr><td><a href="CodeSystem-HIVConcepts.html#HIVConcepts-HIV.46D.46DE121">HIV.D.DE121</a></td><td>TDF + FTC + EFV 600 mg</td><td>Regimen containing tenofovir disoproxil fumarate, emtricitabine, and efavirenz (600 mg)</td></tr><tr><td><a href="CodeSystem-HIVConcepts.html#HIVConcepts-HIV.46D.46DE122">HIV.D.DE122</a></td><td>TDF + FTC + LPV/r</td><td>Regimen containing tenofovir disoproxil fumarate, emtricitabine, and lopinavir/ritonavir</td></tr><tr><td><a href="CodeSystem-HIVConcepts.html#HIVConcepts-HIV.46D.46DE123">HIV.D.DE123</a></td><td>TDF + FTC + NVP</td><td>Regimen containing tenofovir disoproxil fumarate, emtricitabine, and nevirapine</td></tr><tr><td><a href="CodeSystem-HIVConcepts.html#HIVConcepts-HIV.46D.46DE124">HIV.D.DE124</a></td><td>TDF + FTC + PI/r</td><td>Regimen containing tenofovir disoproxil fumarate, emtricitabine, and a boosted protease inhibitor</td></tr><tr><td><a href="CodeSystem-HIVConcepts.html#HIVConcepts-HIV.46D.46DE125">HIV.D.DE125</a></td><td>TDF + FTC + RAL</td><td>Regimen containing tenofovir disoproxil fumarate, emtricitabine, and raltegravir</td></tr><tr><td><a href="CodeSystem-HIVConcepts.html#HIVConcepts-HIV.46D.46DE126">HIV.D.DE126</a></td><td>Other</td><td>Other regimen based upon WHO recommendations</td></tr></table></li></ul></div></text><url value="http://smart.who.int/hiv/ValueSet/HIV.D.DE90"/><version value="0.4.4"/><name value="HIVDDE90"/><title value="ART regimen ValueSet"/><status value="active"/><experimental value="true"/><date value="2025-07-24T19:25:44+00:00"/><publisher value="WHO"/><contact><name value="WHO"/><telecom><system value="url"/><value value="http://who.int"/></telecom></contact><description value="Value set of list of ART regimens"/><compose><include><system value="http://smart.who.int/hiv/CodeSystem/HIVConcepts"/><concept><code value="HIV.D.DE91"/><display value="ABC + 3TC + ATV/r"/></concept><concept><code value="HIV.D.DE92"/><display value="ABC + 3TC + DTG"/></concept><concept><code value="HIV.D.DE93"/><display value="ABC + 3TC + EFV"/></concept><concept><code value="HIV.D.DE94"/><display value="ABC + 3TC + LPV/r"/></concept><concept><code value="HIV.D.DE95"/><display value="ABC + 3TC + NVP"/></concept><concept><code value="HIV.D.DE96"/><display value="ABC + 3TC + RAL"/></concept><concept><code value="HIV.D.DE97"/><display value="AZT + 3TC + ATV/r"/></concept><concept><code value="HIV.D.DE98"/><display value="AZT + 3TC + DRV/r"/></concept><concept><code value="HIV.D.DE99"/><display value="AZT + 3TC + DTG"/></concept><concept><code value="HIV.D.DE100"/><display value="AZT + 3TC + EFV"/></concept><concept><code value="HIV.D.DE101"/><display value="AZT + 3TC + EFV 600 mg"/></concept><concept><code value="HIV.D.DE102"/><display value="AZT + 3TC + LPV/r"/></concept><concept><code value="HIV.D.DE103"/><display value="AZT + 3TC + NVP"/></concept><concept><code value="HIV.D.DE104"/><display value="AZT + 3TC + RAL"/></concept><concept><code value="HIV.D.DE105"/><display value="TAF + 3TC + DTG"/></concept><concept><code value="HIV.D.DE106"/><display value="TAF + FTC + DTG"/></concept><concept><code value="HIV.D.DE107"/><display value="TDF + 3TC + ATV/r"/></concept><concept><code value="HIV.D.DE108"/><display value="TDF + 3TC + DRV/r"/></concept><concept><code value="HIV.D.DE109"/><display value="TDF + 3TC + DTG"/></concept><concept><code value="HIV.D.DE110"/><display value="TDF + 3TC + EFV"/></concept><concept><code value="HIV.D.DE111"/><display value="TDF + 3TC + EFV 400 mg"/></concept><concept><code value="HIV.D.DE112"/><display value="TDF + 3TC + EFV 600 mg"/></concept><concept><code value="HIV.D.DE113"/><display value="TDF + 3TC + LPV/r"/></concept><concept><code value="HIV.D.DE114"/><display value="TDF + 3TC + NVP"/></concept><concept><code value="HIV.D.DE115"/><display value="TDF + 3TC + PI/r"/></concept><concept><code value="HIV.D.DE116"/><display value="TDF + 3TC + RAL"/></concept><concept><code value="HIV.D.DE117"/><display value="TDF + FTC + ATV/r"/></concept><concept><code value="HIV.D.DE118"/><display value="TDF + FTC + DRV/r"/></concept><concept><code value="HIV.D.DE119"/><display value="TDF + FTC + DTG"/></concept><concept><code value="HIV.D.DE120"/><display value="TDF + FTC + EFV"/></concept><concept><code value="HIV.D.DE121"/><display value="TDF + FTC + EFV 600 mg"/></concept><concept><code value="HIV.D.DE122"/><display value="TDF + FTC + LPV/r"/></concept><concept><code value="HIV.D.DE123"/><display value="TDF + FTC + NVP"/></concept><concept><code value="HIV.D.DE124"/><display value="TDF + FTC + PI/r"/></concept><concept><code value="HIV.D.DE125"/><display value="TDF + FTC + RAL"/></concept><concept><code value="HIV.D.DE126"/><display value="Other"/></concept></include></compose></ValueSet>