<?xml version="1.0" encoding="UTF-8"?><ValueSet xmlns="http://hl7.org/fhir"><id value="HIV.D.DE746"/><meta><profile value="http://hl7.org/fhir/uv/crmi/StructureDefinition/crmi-shareablevalueset"/><profile value="http://hl7.org/fhir/uv/crmi/StructureDefinition/crmi-publishablevalueset"/><profile value="http://hl7.org/fhir/uv/crmi/StructureDefinition/crmi-computablevalueset"/></meta><text><status value="extensions"/><div xmlns="http://www.w3.org/1999/xhtml"><p class="res-header-id"><b>Generated Narrative: ValueSet HIV.D.DE746</b></p><a name="HIV.D.DE746"> </a><a name="hcHIV.D.DE746"> </a><div style="display: inline-block; background-color: #d9e0e7; padding: 6px; margin: 4px; border: 1px solid #8da1b4; border-radius: 5px; line-height: 60%"><p style="margin-bottom: 0px"/><p style="margin-bottom: 0px">Profiles: <a href="http://hl7.org/fhir/uv/crmi/STU1/StructureDefinition-crmi-shareablevalueset.html">CRMI Shareable ValueSet</a>, <a href="http://hl7.org/fhir/uv/crmi/STU1/StructureDefinition-crmi-publishablevalueset.html">CRMI Publishable ValueSet</a>, <a href="http://hl7.org/fhir/uv/crmi/STU1/StructureDefinition-crmi-computablevalueset.html">CRMI Computable ValueSet</a></p></div><ul><li>Include these codes as defined in <a href="CodeSystem-HIVConcepts.html"><code>http://smart.who.int/hiv/CodeSystem/HIVConcepts</code></a><table class="none"><tr><td style="white-space:nowrap"><b>Code</b></td><td><b>Display</b></td><td><b>Definition</b></td></tr><tr><td><a href="CodeSystem-HIVConcepts.html#HIVConcepts-HIV.46D.46DE747">HIV.D.DE747</a></td><td>Provider-initiated tested in a clinic or emergency facility</td><td>The client tested though provider-initiated HIV testing &amp; counselling, which could be at an emergency facility</td></tr><tr><td><a href="CodeSystem-HIVConcepts.html#HIVConcepts-HIV.46D.46DE748">HIV.D.DE748</a></td><td>Antenatal care clinic</td><td>The client tested at an antenatal care clinic, including labour and delivery</td></tr><tr><td><a href="CodeSystem-HIVConcepts.html#HIVConcepts-HIV.46D.46DE749">HIV.D.DE749</a></td><td>Voluntary counselling and testing (within a health facility setting)</td><td>The client tested through voluntary counselling and testing (within a health facility setting)</td></tr><tr><td><a href="CodeSystem-HIVConcepts.html#HIVConcepts-HIV.46D.46DE750">HIV.D.DE750</a></td><td>Family planning clinic</td><td>The client tested at a family planning clinic</td></tr><tr><td><a href="CodeSystem-HIVConcepts.html#HIVConcepts-HIV.46D.46DE751">HIV.D.DE751</a></td><td>Other facility-level testing</td><td>The client tested at another type of facility</td></tr><tr><td><a href="CodeSystem-HIVConcepts.html#HIVConcepts-HIV.46D.46DE752">HIV.D.DE752</a></td><td>Tuberculosis (TB) clinic</td><td>The client tested at a TB clinic</td></tr></table></li></ul></div></text><url value="http://smart.who.int/hiv/ValueSet/HIV.D.DE746"/><version value="0.4.4"/><name value="HIVDDE746"/><title value="Entry point for facility-level testing ValueSet"/><status value="active"/><experimental value="true"/><date value="2025-07-24T19:25:44+00:00"/><publisher value="WHO"/><contact><name value="WHO"/><telecom><system value="url"/><value value="http://who.int"/></telecom></contact><description value="Value set of specific point where testing is happening at a facility"/><compose><include><system value="http://smart.who.int/hiv/CodeSystem/HIVConcepts"/><concept><code value="HIV.D.DE747"/><display value="Provider-initiated tested in a clinic or emergency facility"/></concept><concept><code value="HIV.D.DE748"/><display value="Antenatal care clinic"/></concept><concept><code value="HIV.D.DE749"/><display value="Voluntary counselling and testing (within a health facility setting)"/></concept><concept><code value="HIV.D.DE750"/><display value="Family planning clinic"/></concept><concept><code value="HIV.D.DE751"/><display value="Other facility-level testing"/></concept><concept><code value="HIV.D.DE752"/><display value="Tuberculosis (TB) clinic"/></concept></include></compose></ValueSet>