<?xml version="1.0" encoding="UTF-8"?><ValueSet xmlns="http://hl7.org/fhir"><id value="HIV.D.DE610"/><meta><profile value="http://hl7.org/fhir/uv/crmi/StructureDefinition/crmi-shareablevalueset"/><profile value="http://hl7.org/fhir/uv/crmi/StructureDefinition/crmi-publishablevalueset"/><profile value="http://hl7.org/fhir/uv/crmi/StructureDefinition/crmi-computablevalueset"/></meta><text><status value="extensions"/><div xmlns="http://www.w3.org/1999/xhtml"><p class="res-header-id"><b>Generated Narrative: ValueSet HIV.D.DE610</b></p><a name="HIV.D.DE610"> </a><a name="hcHIV.D.DE610"> </a><div style="display: inline-block; background-color: #d9e0e7; padding: 6px; margin: 4px; border: 1px solid #8da1b4; border-radius: 5px; line-height: 60%"><p style="margin-bottom: 0px"/><p style="margin-bottom: 0px">Profiles: <a href="http://hl7.org/fhir/uv/crmi/STU1/StructureDefinition-crmi-shareablevalueset.html">CRMI Shareable ValueSet</a>, <a href="http://hl7.org/fhir/uv/crmi/STU1/StructureDefinition-crmi-publishablevalueset.html">CRMI Publishable ValueSet</a>, <a href="http://hl7.org/fhir/uv/crmi/STU1/StructureDefinition-crmi-computablevalueset.html">CRMI Computable ValueSet</a></p></div><ul><li>Include these codes as defined in <a href="CodeSystem-HIVConcepts.html"><code>http://smart.who.int/hiv/CodeSystem/HIVConcepts</code></a><table class="none"><tr><td style="white-space:nowrap"><b>Code</b></td><td><b>Display</b></td><td><b>Definition</b></td></tr><tr><td><a href="CodeSystem-HIVConcepts.html#HIVConcepts-HIV.46D.46DE611">HIV.D.DE611</a></td><td>Hepatitis A</td><td>The client is receiving vaccination to prevent against hepatitis A</td></tr><tr><td><a href="CodeSystem-HIVConcepts.html#HIVConcepts-HIV.46D.46DE612">HIV.D.DE612</a></td><td>Hepatitis B</td><td>The client is receiving vaccination to prevent against hepatitis B</td></tr><tr><td><a href="CodeSystem-HIVConcepts.html#HIVConcepts-HIV.46D.46DE613">HIV.D.DE613</a></td><td>Tetanus</td><td>The client is receiving vaccination to prevent against tetanus</td></tr><tr><td><a href="CodeSystem-HIVConcepts.html#HIVConcepts-HIV.46D.46DE614">HIV.D.DE614</a></td><td>COVID-19</td><td>The client is receiving vaccination to prevent against COVID-19 due to SARS-CoV-2</td></tr><tr><td><a href="CodeSystem-HIVConcepts.html#HIVConcepts-HIV.46D.46DE615">HIV.D.DE615</a></td><td>Influenza due to influenza B virus</td><td>The client is receiving vaccination to prevent against influenza due to influenza B virus</td></tr><tr><td><a href="CodeSystem-HIVConcepts.html#HIVConcepts-HIV.46D.46DE616">HIV.D.DE616</a></td><td>Tuberculosis</td><td>The client is receiving vaccination to prevent against tuberculosis (e.g. BCG vaccine)</td></tr><tr><td><a href="CodeSystem-HIVConcepts.html#HIVConcepts-HIV.46D.46DE617">HIV.D.DE617</a></td><td>Acute poliomyelitis</td><td>The client is receiving vaccination to prevent against acute poliomyelitis (polio)</td></tr><tr><td><a href="CodeSystem-HIVConcepts.html#HIVConcepts-HIV.46D.46DE618">HIV.D.DE618</a></td><td>Measles</td><td>The client is receiving vaccination to prevent against measles</td></tr><tr><td><a href="CodeSystem-HIVConcepts.html#HIVConcepts-HIV.46D.46DE619">HIV.D.DE619</a></td><td>Diptheria</td><td>The client is receiving vaccination to prevent against diptheria</td></tr><tr><td><a href="CodeSystem-HIVConcepts.html#HIVConcepts-HIV.46D.46DE620">HIV.D.DE620</a></td><td>Rabies</td><td>The client is receiving vaccination to prevent against rabies</td></tr><tr><td><a href="CodeSystem-HIVConcepts.html#HIVConcepts-HIV.46D.46DE621">HIV.D.DE621</a></td><td>Cholera</td><td>The client is receiving vaccination to prevent against cholera</td></tr><tr><td><a href="CodeSystem-HIVConcepts.html#HIVConcepts-HIV.46D.46DE622">HIV.D.DE622</a></td><td>Mumps</td><td>The client is receiving vaccination to prevent against mumps</td></tr><tr><td><a href="CodeSystem-HIVConcepts.html#HIVConcepts-HIV.46D.46DE623">HIV.D.DE623</a></td><td>HPV infection</td><td>The client is receiving vaccination to prevent against human papilloma virus (HPV) infection</td></tr><tr><td><a href="CodeSystem-HIVConcepts.html#HIVConcepts-HIV.46D.46DE624">HIV.D.DE624</a></td><td>Haemophilus influenzae type B</td><td>The client is receiving vaccination to prevent against Haemophilus influenzae type B (Hib)</td></tr><tr><td><a href="CodeSystem-HIVConcepts.html#HIVConcepts-HIV.46D.46DE625">HIV.D.DE625</a></td><td>Varicella</td><td>The client is receiving vaccination to prevent against varicella</td></tr><tr><td><a href="CodeSystem-HIVConcepts.html#HIVConcepts-HIV.46D.46DE626">HIV.D.DE626</a></td><td>Dengue</td><td>The client is receiving vaccination to prevent against dengue</td></tr><tr><td><a href="CodeSystem-HIVConcepts.html#HIVConcepts-HIV.46D.46DE627">HIV.D.DE627</a></td><td>Yellow fever</td><td>The client is receiving vaccination to prevent against yellow fever</td></tr><tr><td><a href="CodeSystem-HIVConcepts.html#HIVConcepts-HIV.46D.46DE628">HIV.D.DE628</a></td><td>Japanese Encephalitis</td><td>The client is receiving vaccination to prevent against Japanese encephalitis</td></tr><tr><td><a href="CodeSystem-HIVConcepts.html#HIVConcepts-HIV.46D.46DE629">HIV.D.DE629</a></td><td>Rubella</td><td>The client is receiving vaccination to prevent against rubella</td></tr><tr><td><a href="CodeSystem-HIVConcepts.html#HIVConcepts-HIV.46D.46DE630">HIV.D.DE630</a></td><td>Pertussis</td><td>The client is receiving vaccination to prevent against pertussis</td></tr><tr><td><a href="CodeSystem-HIVConcepts.html#HIVConcepts-HIV.46D.46DE631">HIV.D.DE631</a></td><td>Enteritis due to rotavirus</td><td>The client is receiving vaccination to prevent against enteritis due to rotavirus</td></tr><tr><td><a href="CodeSystem-HIVConcepts.html#HIVConcepts-HIV.46D.46DE632">HIV.D.DE632</a></td><td>Pneumococcal disease</td><td>The client is receiving vaccination to prevent against pneumococcal disease</td></tr><tr><td><a href="CodeSystem-HIVConcepts.html#HIVConcepts-HIV.46D.46DE633">HIV.D.DE633</a></td><td>Meningococcal disease</td><td>The client is receiving vaccination to prevent against meningococcal disease</td></tr><tr><td><a href="CodeSystem-HIVConcepts.html#HIVConcepts-HIV.46D.46DE634">HIV.D.DE634</a></td><td>Tick-borne encephalitis</td><td>The client is receiving vaccination to prevent against tick-borne encephalitis</td></tr><tr><td><a href="CodeSystem-HIVConcepts.html#HIVConcepts-HIV.46D.46DE635">HIV.D.DE635</a></td><td>Typhoid</td><td>The client is receiving vaccination to prevent against typhoid</td></tr></table></li></ul></div></text><url value="http://smart.who.int/hiv/ValueSet/HIV.D.DE610"/><version value="0.4.4"/><name value="HIVDDE610"/><title value="Disease targeted ValueSet"/><status value="active"/><experimental value="true"/><date value="2025-07-24T19:25:44+00:00"/><publisher value="WHO"/><contact><name value="WHO"/><telecom><system value="url"/><value value="http://who.int"/></telecom></contact><description value="Value set of vaccine preventable disease being targeted by vaccine administered"/><compose><include><system value="http://smart.who.int/hiv/CodeSystem/HIVConcepts"/><concept><code value="HIV.D.DE611"/><display value="Hepatitis A"/></concept><concept><code value="HIV.D.DE612"/><display value="Hepatitis B"/></concept><concept><code value="HIV.D.DE613"/><display value="Tetanus"/></concept><concept><code value="HIV.D.DE614"/><display value="COVID-19"/></concept><concept><code value="HIV.D.DE615"/><display value="Influenza due to influenza B virus"/></concept><concept><code value="HIV.D.DE616"/><display value="Tuberculosis"/></concept><concept><code value="HIV.D.DE617"/><display value="Acute poliomyelitis"/></concept><concept><code value="HIV.D.DE618"/><display value="Measles"/></concept><concept><code value="HIV.D.DE619"/><display value="Diptheria"/></concept><concept><code value="HIV.D.DE620"/><display value="Rabies"/></concept><concept><code value="HIV.D.DE621"/><display value="Cholera"/></concept><concept><code value="HIV.D.DE622"/><display value="Mumps"/></concept><concept><code value="HIV.D.DE623"/><display value="HPV infection"/></concept><concept><code value="HIV.D.DE624"/><display value="Haemophilus influenzae type B"/></concept><concept><code value="HIV.D.DE625"/><display value="Varicella"/></concept><concept><code value="HIV.D.DE626"/><display value="Dengue"/></concept><concept><code value="HIV.D.DE627"/><display value="Yellow fever"/></concept><concept><code value="HIV.D.DE628"/><display value="Japanese Encephalitis"/></concept><concept><code value="HIV.D.DE629"/><display value="Rubella"/></concept><concept><code value="HIV.D.DE630"/><display value="Pertussis"/></concept><concept><code value="HIV.D.DE631"/><display value="Enteritis due to rotavirus"/></concept><concept><code value="HIV.D.DE632"/><display value="Pneumococcal disease"/></concept><concept><code value="HIV.D.DE633"/><display value="Meningococcal disease"/></concept><concept><code value="HIV.D.DE634"/><display value="Tick-borne encephalitis"/></concept><concept><code value="HIV.D.DE635"/><display value="Typhoid"/></concept></include></compose></ValueSet>