<?xml version="1.0" encoding="UTF-8"?><ValueSet xmlns="http://hl7.org/fhir"><id value="HIV.B.DE121"/><meta><profile value="http://hl7.org/fhir/uv/crmi/StructureDefinition/crmi-shareablevalueset"/><profile value="http://hl7.org/fhir/uv/crmi/StructureDefinition/crmi-publishablevalueset"/><profile value="http://hl7.org/fhir/uv/crmi/StructureDefinition/crmi-computablevalueset"/></meta><text><status value="extensions"/><div xmlns="http://www.w3.org/1999/xhtml"><p class="res-header-id"><b>Generated Narrative: ValueSet HIV.B.DE121</b></p><a name="HIV.B.DE121"> </a><a name="hcHIV.B.DE121"> </a><div style="display: inline-block; background-color: #d9e0e7; padding: 6px; margin: 4px; border: 1px solid #8da1b4; border-radius: 5px; line-height: 60%"><p style="margin-bottom: 0px"/><p style="margin-bottom: 0px">Profiles: <a href="http://hl7.org/fhir/uv/crmi/STU1/StructureDefinition-crmi-shareablevalueset.html">CRMI Shareable ValueSet</a>, <a href="http://hl7.org/fhir/uv/crmi/STU1/StructureDefinition-crmi-publishablevalueset.html">CRMI Publishable ValueSet</a>, <a href="http://hl7.org/fhir/uv/crmi/STU1/StructureDefinition-crmi-computablevalueset.html">CRMI Computable ValueSet</a></p></div><ul><li>Include these codes as defined in <a href="CodeSystem-HIVConcepts.html"><code>http://smart.who.int/hiv/CodeSystem/HIVConcepts</code></a><table class="none"><tr><td style="white-space:nowrap"><b>Code</b></td><td><b>Display</b></td><td><b>Definition</b></td></tr><tr><td><a href="CodeSystem-HIVConcepts.html#HIVConcepts-HIV.46B.46DE122">HIV.B.DE122</a></td><td>Heterosexual sex</td><td>Probable route of HIV transmission was through heterosexual sex</td></tr><tr><td><a href="CodeSystem-HIVConcepts.html#HIVConcepts-HIV.46B.46DE123">HIV.B.DE123</a></td><td>Sex between men</td><td>Probable route of HIV transmission was through sex between men</td></tr><tr><td><a href="CodeSystem-HIVConcepts.html#HIVConcepts-HIV.46B.46DE124">HIV.B.DE124</a></td><td>Unprotected intercourse during sex work</td><td>Probable route of HIV transmission was through unprotected intercourse during sex work</td></tr><tr><td><a href="CodeSystem-HIVConcepts.html#HIVConcepts-HIV.46B.46DE125">HIV.B.DE125</a></td><td>Injecting drug use with unsterile equipment</td><td>Probable route of HIV transmission was through injecting drug use with unsterile equipment</td></tr><tr><td><a href="CodeSystem-HIVConcepts.html#HIVConcepts-HIV.46B.46DE126">HIV.B.DE126</a></td><td>Nosocomial</td><td>Probable route of HIV transmission was nosocomial</td></tr><tr><td><a href="CodeSystem-HIVConcepts.html#HIVConcepts-HIV.46B.46DE127">HIV.B.DE127</a></td><td>Vertical</td><td>Probable route of HIV transmission to an infant was during pregnancy, labour, delivery and breastfeeding (vertical transmission)</td></tr><tr><td><a href="CodeSystem-HIVConcepts.html#HIVConcepts-HIV.46B.46DE128">HIV.B.DE128</a></td><td>Other</td><td>Probable route of HIV transmission was other and may include needle accidents, blood transfusion, blood products or organ/tissue donations, tattoos, piercings, circumcision, or acupuncture.</td></tr></table></li></ul></div></text><url value="http://smart.who.int/hiv/ValueSet/HIV.B.DE121"/><version value="0.4.4"/><name value="HIVBDE121"/><title value="Probable route of transmission ValueSet"/><status value="active"/><experimental value="true"/><date value="2025-07-24T19:25:44+00:00"/><publisher value="WHO"/><contact><name value="WHO"/><telecom><system value="url"/><value value="http://who.int"/></telecom></contact><description value="Value set of probable route(s) of transmission of HIV to client"/><compose><include><system value="http://smart.who.int/hiv/CodeSystem/HIVConcepts"/><concept><code value="HIV.B.DE122"/><display value="Heterosexual sex"/></concept><concept><code value="HIV.B.DE123"/><display value="Sex between men"/></concept><concept><code value="HIV.B.DE124"/><display value="Unprotected intercourse during sex work"/></concept><concept><code value="HIV.B.DE125"/><display value="Injecting drug use with unsterile equipment"/></concept><concept><code value="HIV.B.DE126"/><display value="Nosocomial"/></concept><concept><code value="HIV.B.DE127"/><display value="Vertical"/></concept><concept><code value="HIV.B.DE128"/><display value="Other"/></concept></include></compose></ValueSet>