<?xml version="1.0" encoding="UTF-8"?><Basic xmlns="http://hl7.org/fhir"><id value="SpecialPopulationClient"/><meta><profile value="http://smart.who.int/smart-base/StructureDefinition/SGPersona"/></meta><text><status value="generated"/><div xmlns="http://www.w3.org/1999/xhtml"><p class="res-header-id"><b>Generated Narrative: ActorDefinition SpecialPopulationClient</b></p><a name="SpecialPopulationClient"> </a><a name="hcSpecialPopulationClient"> </a><div style="display: inline-block; background-color: #d9e0e7; padding: 6px; margin: 4px; border: 1px solid #8da1b4; border-radius: 5px; line-height: 60%"><p style="margin-bottom: 0px"/><p style="margin-bottom: 0px">Profile: <code>http://smart.who.int/smart-base/StructureDefinition/SGPersona</code></p></div><table class="grid"><tr><td><b>Actor: SpecialPopulationClient </b></td><td>Special population client</td><td>Type: person </td></tr><tr><td colspan="3"/></tr></table></div></text><extension url="http://hl7.org/fhir/5.0/StructureDefinition/extension-ActorDefinition.url"><valueUri value="http://smart.who.int/hiv/ActorDefinition/SpecialPopulationClient"/></extension><extension url="http://hl7.org/fhir/5.0/StructureDefinition/extension-ActorDefinition.version"><valueString value="0.4.4"/></extension><extension url="http://hl7.org/fhir/5.0/StructureDefinition/extension-ActorDefinition.name"><valueString value="SpecialPopulationClient"/></extension><extension url="http://hl7.org/fhir/5.0/StructureDefinition/extension-ActorDefinition.title"><valueString value="Special population client"/></extension><extension url="http://hl7.org/fhir/5.0/StructureDefinition/extension-ActorDefinition.status"><valueCode value="draft"/></extension><extension url="http://hl7.org/fhir/5.0/StructureDefinition/extension-ActorDefinition.experimental"><valueBoolean value="false"/></extension><extension url="http://hl7.org/fhir/5.0/StructureDefinition/extension-ActorDefinition.date"><valueDateTime value="2025-07-24T19:46:28+00:00"/></extension><extension url="http://hl7.org/fhir/5.0/StructureDefinition/extension-ActorDefinition.publisher"><valueString value="WHO"/></extension><extension url="http://hl7.org/fhir/5.0/StructureDefinition/extension-ActorDefinition.contact"><valueContactDetail><name value="WHO"/><telecom><system value="url"/><value value="http://who.int"/></telecom></valueContactDetail></extension><extension url="http://hl7.org/fhir/5.0/StructureDefinition/extension-ActorDefinition.description"><valueMarkdown value="A person from a specific group that requires or would benefit from differentiated client management or services. The groups may include key populations, paediatric or adolescent clients, adolescent girls and young women, pregnant or breastfeeding women, tuberculosis (TB) patients, serodiscordant partners and other specific priority populations."/></extension><extension url="http://hl7.org/fhir/5.0/StructureDefinition/extension-ActorDefinition.jurisdiction"/><extension url="http://hl7.org/fhir/5.0/StructureDefinition/extension-ActorDefinition.type"><valueCode value="person"/></extension><identifier><value value="SpecialPopulationClient"/></identifier><code><coding><system value="http://hl7.org/fhir/fhir-types"/><code value="ActorDefinition"/></coding></code></Basic>