<?xml version="1.0" encoding="UTF-8"?><ExampleScenario xmlns="http://hl7.org/fhir"><id value="HIV.PrEP.Visit.Scenario"/><url value="http://smart.who.int/hiv/ExampleScenario/HIV.PrEP.Visit.Scenario"/><version value="0.4.4"/><name value="ExampleScenarioForProcess"/><status value="active"/><date value="2025-07-24T19:46:28+00:00"/><publisher value="WHO"/><contact><name value="WHO"/><telecom><system value="url"/><value value="http://who.int"/></telecom></contact><actor><actorId value="patient"/><type value="person"/><name value="Patient"/></actor><actor><actorId value="healthcareprovider"/><type value="person"/><name value="Health Care Provider"/></actor><actor><actorId value="emr"/><type value="entity"/><name value="EMR"/></actor><actor><actorId value="laboratory"/><type value="entity"/><name value="Laboratory"/></actor><instance><resourceId value="patientResource"/><resourceType value="Patient"/><name value="Patient Resource"/><description value="The Patient involved in the scenario."/></instance><instance><resourceId value="encounterResource"/><resourceType value="Encounter"/><name value="Encounter Resource"/><description value="The Encounter where the patient meets with the clinician."/></instance><instance><resourceId value="observationResource"/><resourceType value="Observation"/><name value="HIV Test Result"/><description value="The Observation resource capturing the HIV test result."/></instance><instance><resourceId value="diagnosisResource"/><resourceType value="Condition"/><name value="HIV Diagnosis"/><description value="The Condition resource representing the HIV diagnosis."/></instance><instance><resourceId value="medicationRequestResource"/><resourceType value="MedicationRequest"/><name value="ART Medication Request"/><description value="The MedicationRequest for Antiretroviral Therapy (ART)."/></instance><instance><resourceId value="appointmentResource"/><resourceType value="Appointment"/><name value="Follow-up Appointment"/><description value="The Appointment resource for follow-up care."/></instance><process><title value="HIV.C. PrEP visit"/><description value="The patient visits the clinician for an initial consultation."/><step><process><title value="Step 1"/><description value="Description of Step 1"/><step><operation><number value="1"/><type value="create"/><name value="Determine reason for visit"/><initiator value="healthcareprovider"/><receiver value="patient"/><request><resourceId value="encounterResource"/></request></operation></step><step><operation><number value="4"/><type value="create"/><name value="Take vital signs"/><initiator value="healthcareprovider"/><receiver value="patient"/><request><resourceId value="patientResource"/></request></operation></step><step><operation><number value="4"/><type value="create"/><name value="Capture or update client history"/><initiator value="healthcareprovider"/><receiver value="emr"/><request><resourceId value="patientResource"/></request></operation></step><step><operation><number value="4"/><type value="create"/><name value="Test for HIV using testing algorithm"/><initiator value="healthcareprovider"/><receiver value="laboratory"/><request><resourceId value="patientResource"/></request></operation></step><step><operation><number value="4"/><type value="create"/><name value="Testing may be performed by a lay provider or self-test"/><initiator value="healthcareprovider"/><receiver value="healthcareprovider"/><request><resourceId value="patientResource"/></request></operation></step><step><operation><number value="4"/><type value="create"/><name value="Post-test package of services"/><initiator value="healthcareprovider"/><receiver value="emr"/><request><resourceId value="patientResource"/></request></operation></step><step><operation><number value="4"/><type value="create"/><name value="Check suitability for PrEP or PEP"/><initiator value="healthcareprovider"/><receiver value="patient"/><request><resourceId value="patientResource"/></request></operation></step><step><operation><number value="4"/><type value="create"/><name value="Discuss PrEP or PEP"/><initiator value="healthcareprovider"/><receiver value="patient"/><request><resourceId value="patientResource"/></request></operation></step><step><operation><number value="4"/><type value="create"/><name value="Counsel on risk and prevention"/><initiator value="healthcareprovider"/><receiver value="patient"/><request><resourceId value="patientResource"/></request></operation></step></process></step><step><process><title value="Step 2"/><description value="Description of Step 2"/></process></step></process></ExampleScenario>