<?xml version="1.0" encoding="UTF-8"?><PlanDefinition xmlns="http://hl7.org/fhir"><id value="HIVD4DT"/><meta><profile value="http://hl7.org/fhir/uv/cpg/StructureDefinition/cpg-recommendationdefinition"/><profile value="http://hl7.org/fhir/uv/crmi/StructureDefinition/crmi-shareableplandefinition"/><profile value="http://hl7.org/fhir/uv/crmi/StructureDefinition/crmi-publishableplandefinition"/></meta><extension url="http://hl7.org/fhir/StructureDefinition/cqf-knowledgeCapability"><valueCode value="computable"/></extension><url value="http://smart.who.int/hiv/PlanDefinition/HIVD4DT"/><version value="0.4.4"/><name value="HIVD4DT"/><title value="HIV.D4.DT TB Screening Decision Tables"/><type><coding><system value="http://terminology.hl7.org/CodeSystem/plan-definition-type"/><code value="eca-rule"/></coding></type><status value="draft"/><experimental value="true"/><date value="2025-07-24T19:46:28+00:00"/><publisher value="WHO"/><contact><name value="WHO"/><telecom><system value="url"/><value value="http://who.int"/></telecom></contact><description value="Screen for TB using one of three algorithms"/><relatedArtifact><type value="citation"/><citation value="Consolidated Guidelines on HIV Testing Services (2019)"/></relatedArtifact><library value="http://smart.who.int/hiv/Library/HIVD4DTLogic"/><action><textEquivalent value="Outcome of TB screening"/><definitionCanonical value="http://smart.who.int/hiv/ActivityDefinition/HIVGuidanceCommunicationRequestActivity"/><dynamicValue><path value="payload[+].contentString"/><expression><language value="text/cql-identifier"/><expression value="Guidance"/></expression></dynamicValue></action></PlanDefinition>