<?xml version="1.0" encoding="UTF-8"?><PlanDefinition xmlns="http://hl7.org/fhir"><id value="CareAndTreatmentClinicalVisit-PlanDefinition"/><url value="http://smart.who.int/hiv/PlanDefinition/CareAndTreatmentClinicalVisit-PlanDefinition"/><version value="0.4.4"/><name value="PlanDefinition_Care and treatment clinical visit"/><title value="PlanDefinition - Care and treatment clinical visit"/><type><coding><system value="http://terminology.hl7.org/CodeSystem/plan-definition-type"/><code value="workflow-definition"/><display value="Workflow Definition"/></coding></type><status value="active"/><experimental value="true"/><date value="2025-07-24T19:46:28+00:00"/><publisher value="WHO"/><contact><name value="WHO"/><telecom><system value="url"/><value value="http://who.int"/></telecom></contact><description value="To initiate ART and to provide HIV care, treatment and integrated health services"/><action><title value="Care and treatment clinical visit business process"/><description value=" To initiate ART and to provide HIV care, treatment and integrated health services"/><participant><type value="patient"/><role><coding><code value="client"/></coding></role></participant><participant><type value="practitioner"/><role><text value="Trained Lay Provider"/></role></participant><action id="HIV.D.1"><title value="Determine reason for visit"/><description value="Search for client details in the system and determine reason for visit"/><participant><type value="practitioner"/><role><text value="Trained Lay Provider"/></role></participant></action><action id="HIV.D.2"><title value="Take vital signs"/><description value="Also record weight, height, etc. For children, weight will be needed to determine dosage and to check for malnutrition."/><participant><type value="practitioner"/><role><text value="Trained Lay Provider"/></role></participant></action><action id="HIV.D.3"><title value="Check for signs of serious illness"/><description value="Any person who has signs of seriously illness should be referred to the appropriate higher-lever facility for management"/><participant><type value="practitioner"/><role><text value="Trained Lay Provider"/></role></participant></action><action id="HIV.D.4"><title value="Screen for TB"/><description value="Adults and adolescents living with HIV should be screened for TB according to a clinical algorithm"/><participant><type value="practitioner"/><role><text value="Trained Lay Provider"/></role></participant></action><action id="HIV.D.5"><title value="Seriously ill?"/><description value="Any person who has signs of serious illness should be referred to the appropriate higher-lever facility for management or receive emergency care, depending on availability and policies."/><participant><type value="practitioner"/><role><text value="Trained Lay Provider"/></role></participant></action><action id="HIV.D.8"><title value="Capture or update client history"/><description value="Discuss history with client and review available records. History-taking should include partner’s HIV status and whether the partner is virally suppressed on ART"/><participant><type value="practitioner"/><role><text value="Trained Lay Provider"/></role></participant></action><action id="HIV.D.9"><title value="First time initiating treatment?"/><description value="This step checks whether the client is naïve to ART"/><participant><type value="practitioner"/><role><text value="Trained Lay Provider"/></role></participant></action><action id="HIV.D.10"><title value="Counsel returning clients"/><description value="Adherence, such as whether client is picking up meds and/or has any barriers to adherence to their treatment(s), if so, set plan for adherence support"/><participant><type value="practitioner"/><role><text value="Trained Lay Provider"/></role></participant></action><action id="HIV.D.11"><title value="Retest for HIV using testing algorithm"/><description value="WHO recommends that all programmes retest people diagnosed with HIV prior to initiating lifelong ART"/><participant><type value="practitioner"/><role><text value="Trained Lay Provider"/></role></participant></action><action id="HIV.D.12"><title value="Determine recommended screenings and tests"/><description value="HIV.D12.DT Determine recommended screenings and tests"/><participant><type value="practitioner"/><role><text value="Trained Lay Provider"/></role></participant></action><action id="HIV.D.13"><title value="Examine client"/><description value="Examine the client clinically, with a physical exam"/><participant><type value="practitioner"/><role><text value="Trained Lay Provider"/></role></participant></action><action id="HIV.D.14"><title value="Prevent, screen and manage comorbidities and coinfections"/><description value="With ART, HIV is a chronic disease requiring lifetime care. WHO guidelines cover information on common and important concomitant conditions among people living with HIV, including: co-trimoxazole prophylaxis; the diagnosis, prevention and treatment of TB, viral hepatitis, malaria, sexually transmitted infections, cervical cancer prevention, nutrition, vaccinations, mental health and substance use"/><participant><type value="patient"/><role><coding><code value="client"/></coding></role></participant></action><action id="HIV.D.15"><title value="Determine clinical stage of HIV"/><description value="HIV.D15.DT Determine WHO clinical stage of HIV"/><participant><type value="practitioner"/><role><text value="Trained Lay Provider"/></role></participant></action><action id="HIV.D.16"><title value="Perform other screenings"/><description value="Conduct screenings based on recommendations and priorities and depending on the diagnostics that are available."/><participant><type value="practitioner"/><role><text value="Trained Lay Provider"/></role></participant></action><action id="HIV.D.17"><title value="Check for signs of treatment failure"/><description value="Review new diagnostic results"/><participant><type value="practitioner"/><role><text value="Trained Lay Provider"/></role></participant></action><action id="HIV.D.20"><title value="Diagnostics"/><description value="Viral load should be tested routinely for early warning of virological failure and monitored if clinical or virological failure are suspected"/><participant><type value="practitioner"/><role><text value="Trained Lay Provider"/></role></participant></action><action id="HIV.D.21"><title value="Determine regimen and treatment options"/><description value="For continuing care, check the dosage and need for readjustment or whether treatment failure is suspected."/><participant><type value="practitioner"/><role><text value="Trained Lay Provider"/></role></participant></action><action id="HIV.D.22"><title value="Make informed decision on treatment"/><description value="Even if client is eligible to start ART, the choice to accept or decline ART ultimately lies with the person or his or her caregiver, and if the decision is to defer initiation, ART can be offered again at subsequent visits"/><participant><type value="practitioner"/><role><text value="Trained Lay Provider"/></role></participant></action><action id="HIV.D.23"><title value="Prescribe"/><description value="The scripting period should cover the period until the next clinical consultation (not until the following ART refill visit)."/><participant><type value="practitioner"/><role><text value="Trained Lay Provider"/></role></participant></action><action id="HIV.D.24"><title value="Counsel"/><description value="Counsel clients on adherence."/><participant><type value="practitioner"/><role><text value="Trained Lay Provider"/></role></participant></action><action id="HIV.D.30"><title value="Laboratory diagnostics needed"/><description value="Additional testing or specimen collection may be needed and may happen after the visit"/><participant><type value="practitioner"/><role><text value="Trained Lay Provider"/></role></participant></action></action></PlanDefinition>