<?xml version="1.0" encoding="UTF-8"?><ValueSet xmlns="http://hl7.org/fhir"><id value="HIV.D.DE903"/><meta><profile value="http://hl7.org/fhir/uv/crmi/StructureDefinition/crmi-shareablevalueset"/><profile value="http://hl7.org/fhir/uv/crmi/StructureDefinition/crmi-publishablevalueset"/><profile value="http://hl7.org/fhir/uv/crmi/StructureDefinition/crmi-computablevalueset"/></meta><text><status value="extensions"/><div xmlns="http://www.w3.org/1999/xhtml"><p class="res-header-id"><b>Generated Narrative: ValueSet HIV.D.DE903</b></p><a name="HIV.D.DE903"> </a><a name="hcHIV.D.DE903"> </a><div style="display: inline-block; background-color: #d9e0e7; padding: 6px; margin: 4px; border: 1px solid #8da1b4; border-radius: 5px; line-height: 60%"><p style="margin-bottom: 0px"/><p style="margin-bottom: 0px">Profiles: <a href="http://hl7.org/fhir/uv/crmi/STU1/StructureDefinition-crmi-shareablevalueset.html">CRMI Shareable ValueSet</a>, <a href="http://hl7.org/fhir/uv/crmi/STU1/StructureDefinition-crmi-publishablevalueset.html">CRMI Publishable ValueSet</a>, <a href="http://hl7.org/fhir/uv/crmi/STU1/StructureDefinition-crmi-computablevalueset.html">CRMI Computable ValueSet</a></p></div><ul><li>Include these codes as defined in <a href="CodeSystem-HIVConcepts.html"><code>http://smart.who.int/hiv/CodeSystem/HIVConcepts</code></a><table class="none"><tr><td style="white-space:nowrap"><b>Code</b></td><td><b>Display</b></td><td><b>Definition</b></td></tr><tr><td><a href="CodeSystem-HIVConcepts.html#HIVConcepts-HIV.46D.46DE904">HIV.D.DE904</a></td><td>Rifampicin</td><td>Rifampicin currently being taken by, or considered for, client</td></tr><tr><td><a href="CodeSystem-HIVConcepts.html#HIVConcepts-HIV.46D.46DE905">HIV.D.DE905</a></td><td>Halofantrine</td><td>Halofantrine currently being taken by, or considered for, client</td></tr><tr><td><a href="CodeSystem-HIVConcepts.html#HIVConcepts-HIV.46D.46DE906">HIV.D.DE906</a></td><td>Lovastatin</td><td>Lovastatin currently being taken by, or considered for, client</td></tr><tr><td><a href="CodeSystem-HIVConcepts.html#HIVConcepts-HIV.46D.46DE907">HIV.D.DE907</a></td><td>Simvastatin</td><td>Simvastatin currently being taken by, or considered for, client</td></tr><tr><td><a href="CodeSystem-HIVConcepts.html#HIVConcepts-HIV.46D.46DE908">HIV.D.DE908</a></td><td>Hormonal contraception</td><td>Hormonal contraception currently being taken by, or considered for, client</td></tr><tr><td><a href="CodeSystem-HIVConcepts.html#HIVConcepts-HIV.46D.46DE909">HIV.D.DE909</a></td><td>Metformin</td><td>Metformin currently being taken by, or considered for, client</td></tr><tr><td><a href="CodeSystem-HIVConcepts.html#HIVConcepts-HIV.46D.46DE910">HIV.D.DE910</a></td><td>Astemizole</td><td>Astemizole currently being taken by, or considered for, client</td></tr><tr><td><a href="CodeSystem-HIVConcepts.html#HIVConcepts-HIV.46D.46DE911">HIV.D.DE911</a></td><td>Terfenadine</td><td>Terfenadine currently being taken by, or considered for, client</td></tr><tr><td><a href="CodeSystem-HIVConcepts.html#HIVConcepts-HIV.46D.46DE912">HIV.D.DE912</a></td><td>TDF</td><td>TDF currently being taken by, or considered for, client</td></tr><tr><td><a href="CodeSystem-HIVConcepts.html#HIVConcepts-HIV.46D.46DE913">HIV.D.DE913</a></td><td>Simeprevir</td><td>Simeprevir currently being taken by, or considered for, client</td></tr><tr><td><a href="CodeSystem-HIVConcepts.html#HIVConcepts-HIV.46D.46DE914">HIV.D.DE914</a></td><td>Ombitasvir + paritaprevir/ritonavir + dasabuvir</td><td>Ombitasvir + paritaprevir/ritonavir + dasabuvir currently being taken by, or considered for, client</td></tr><tr><td><a href="CodeSystem-HIVConcepts.html#HIVConcepts-HIV.46D.46DE915">HIV.D.DE915</a></td><td>Methadone</td><td>Methadone currently being taken by, or considered for, client</td></tr><tr><td><a href="CodeSystem-HIVConcepts.html#HIVConcepts-HIV.46D.46DE916">HIV.D.DE916</a></td><td>Buprenorphine</td><td>Buprenorphine currently being taken by, or considered for, client</td></tr><tr><td><a href="CodeSystem-HIVConcepts.html#HIVConcepts-HIV.46D.46DE917">HIV.D.DE917</a></td><td>Dofetilide</td><td>Dofetilide currently being taken by, or considered for, client</td></tr><tr><td><a href="CodeSystem-HIVConcepts.html#HIVConcepts-HIV.46D.46DE918">HIV.D.DE918</a></td><td>Carbamazepine</td><td>Carbamazepine currently being taken by, or considered for, client</td></tr><tr><td><a href="CodeSystem-HIVConcepts.html#HIVConcepts-HIV.46D.46DE919">HIV.D.DE919</a></td><td>Phenobarbital</td><td>Phenobarbital currently being taken by, or considered for, client</td></tr><tr><td><a href="CodeSystem-HIVConcepts.html#HIVConcepts-HIV.46D.46DE920">HIV.D.DE920</a></td><td>Phenytoin</td><td>Phenytoin currently being taken by, or considered for, client</td></tr><tr><td><a href="CodeSystem-HIVConcepts.html#HIVConcepts-HIV.46D.46DE921">HIV.D.DE921</a></td><td>Polyvalent cation products containing Mg, Al, Fe, Ca and Zn</td><td>Polyvalent cation products containing Mg, Al, Fe, Ca and Zn currently being taken by, or considered for, client</td></tr><tr><td><a href="CodeSystem-HIVConcepts.html#HIVConcepts-HIV.46D.46DE922">HIV.D.DE922</a></td><td>Amodiaquine</td><td>Amodiaquine currently being taken by, or considered for, client</td></tr><tr><td><a href="CodeSystem-HIVConcepts.html#HIVConcepts-HIV.46D.46DE923">HIV.D.DE923</a></td><td>Cisapride</td><td>Cisapride currently being taken by, or considered for, client</td></tr><tr><td><a href="CodeSystem-HIVConcepts.html#HIVConcepts-HIV.46D.46DE924">HIV.D.DE924</a></td><td>Ergotamine</td><td>Ergotamine currently being taken by, or considered for, client</td></tr><tr><td><a href="CodeSystem-HIVConcepts.html#HIVConcepts-HIV.46D.46DE925">HIV.D.DE925</a></td><td>Dihydroergotamine</td><td>Dihydroergotamine currently being taken by, or considered for, client</td></tr><tr><td><a href="CodeSystem-HIVConcepts.html#HIVConcepts-HIV.46D.46DE926">HIV.D.DE926</a></td><td>Midazolam</td><td>Midazolam currently being taken by, or considered for, client</td></tr><tr><td><a href="CodeSystem-HIVConcepts.html#HIVConcepts-HIV.46D.46DE927">HIV.D.DE927</a></td><td>Triazolam</td><td>Triazolam currently being taken by, or considered for, client</td></tr><tr><td><a href="CodeSystem-HIVConcepts.html#HIVConcepts-HIV.46D.46DE928">HIV.D.DE928</a></td><td>Estrogen-based hormonal contraception</td><td>Estrogen-based hormonal contraception currently being taken by, or considered for, client</td></tr><tr><td><a href="CodeSystem-HIVConcepts.html#HIVConcepts-HIV.46D.46DE929">HIV.D.DE929</a></td><td>Ribavirin</td><td>Ribavirin currently being taken by, or considered for, client</td></tr><tr><td><a href="CodeSystem-HIVConcepts.html#HIVConcepts-HIV.46D.46DE930">HIV.D.DE930</a></td><td>Peginterferon alfa-2a</td><td>Peginterferon alfa-2a currently being taken by, or considered for, client</td></tr><tr><td><a href="CodeSystem-HIVConcepts.html#HIVConcepts-HIV.46D.46DE931">HIV.D.DE931</a></td><td>Other</td><td>Other medication currently being taken by, or considered for, client</td></tr></table></li></ul></div></text><url value="http://smart.who.int/hiv/ValueSet/HIV.D.DE903"/><version value="0.4.4"/><name value="HIVDDE903"/><title value="Medication/drug ValueSet"/><status value="active"/><experimental value="true"/><date value="2025-07-24T19:46:28+00:00"/><publisher value="WHO"/><contact><name value="WHO"/><telecom><system value="url"/><value value="http://who.int"/></telecom></contact><description value="Value set of current or considered medication/drug, for the purpose of determining drug interactions"/><compose><include><system value="http://smart.who.int/hiv/CodeSystem/HIVConcepts"/><concept><code value="HIV.D.DE904"/><display value="Rifampicin"/></concept><concept><code value="HIV.D.DE905"/><display value="Halofantrine"/></concept><concept><code value="HIV.D.DE906"/><display value="Lovastatin"/></concept><concept><code value="HIV.D.DE907"/><display value="Simvastatin"/></concept><concept><code value="HIV.D.DE908"/><display value="Hormonal contraception"/></concept><concept><code value="HIV.D.DE909"/><display value="Metformin"/></concept><concept><code value="HIV.D.DE910"/><display value="Astemizole"/></concept><concept><code value="HIV.D.DE911"/><display value="Terfenadine"/></concept><concept><code value="HIV.D.DE912"/><display value="TDF"/></concept><concept><code value="HIV.D.DE913"/><display value="Simeprevir"/></concept><concept><code value="HIV.D.DE914"/><display value="Ombitasvir + paritaprevir/ritonavir + dasabuvir"/></concept><concept><code value="HIV.D.DE915"/><display value="Methadone"/></concept><concept><code value="HIV.D.DE916"/><display value="Buprenorphine"/></concept><concept><code value="HIV.D.DE917"/><display value="Dofetilide"/></concept><concept><code value="HIV.D.DE918"/><display value="Carbamazepine"/></concept><concept><code value="HIV.D.DE919"/><display value="Phenobarbital"/></concept><concept><code value="HIV.D.DE920"/><display value="Phenytoin"/></concept><concept><code value="HIV.D.DE921"/><display value="Polyvalent cation products containing Mg, Al, Fe, Ca and Zn"/></concept><concept><code value="HIV.D.DE922"/><display value="Amodiaquine"/></concept><concept><code value="HIV.D.DE923"/><display value="Cisapride"/></concept><concept><code value="HIV.D.DE924"/><display value="Ergotamine"/></concept><concept><code value="HIV.D.DE925"/><display value="Dihydroergotamine"/></concept><concept><code value="HIV.D.DE926"/><display value="Midazolam"/></concept><concept><code value="HIV.D.DE927"/><display value="Triazolam"/></concept><concept><code value="HIV.D.DE928"/><display value="Estrogen-based hormonal contraception"/></concept><concept><code value="HIV.D.DE929"/><display value="Ribavirin"/></concept><concept><code value="HIV.D.DE930"/><display value="Peginterferon alfa-2a"/></concept><concept><code value="HIV.D.DE931"/><display value="Other"/></concept></include></compose></ValueSet>