<?xml version="1.0" encoding="UTF-8"?><ValueSet xmlns="http://hl7.org/fhir"><id value="HIV.E.DE264"/><meta><profile value="http://hl7.org/fhir/uv/crmi/StructureDefinition/crmi-shareablevalueset"/><profile value="http://hl7.org/fhir/uv/crmi/StructureDefinition/crmi-publishablevalueset"/><profile value="http://hl7.org/fhir/uv/crmi/StructureDefinition/crmi-computablevalueset"/></meta><text><status value="extensions"/><div xmlns="http://www.w3.org/1999/xhtml"><p class="res-header-id"><b>Generated Narrative: ValueSet HIV.E.DE264</b></p><a name="HIV.E.DE264"> </a><a name="hcHIV.E.DE264"> </a><div style="display: inline-block; background-color: #d9e0e7; padding: 6px; margin: 4px; border: 1px solid #8da1b4; border-radius: 5px; line-height: 60%"><p style="margin-bottom: 0px"/><p style="margin-bottom: 0px">Profiles: <a href="http://hl7.org/fhir/uv/crmi/STU1/StructureDefinition-crmi-shareablevalueset.html">CRMI Shareable ValueSet</a>, <a href="http://hl7.org/fhir/uv/crmi/STU1/StructureDefinition-crmi-publishablevalueset.html">CRMI Publishable ValueSet</a>, <a href="http://hl7.org/fhir/uv/crmi/STU1/StructureDefinition-crmi-computablevalueset.html">CRMI Computable ValueSet</a></p></div><ul><li>Include these codes as defined in <a href="CodeSystem-HIVConcepts.html"><code>http://smart.who.int/hiv/CodeSystem/HIVConcepts</code></a><table class="none"><tr><td style="white-space:nowrap"><b>Code</b></td><td><b>Display</b></td><td><b>Definition</b></td></tr><tr><td><a href="CodeSystem-HIVConcepts.html#HIVConcepts-HIV.46E.46DE265">HIV.E.DE265</a></td><td>Chronic hypertension</td><td>Hypertension detected pre-pregnancy or before 20 weeks' gestation</td></tr><tr><td><a href="CodeSystem-HIVConcepts.html#HIVConcepts-HIV.46E.46DE266">HIV.E.DE266</a></td><td>Essential</td><td>Hypertension without a known secondary cause (pre-pregnancy or at less than 20 weeks)</td></tr><tr><td><a href="CodeSystem-HIVConcepts.html#HIVConcepts-HIV.46E.46DE267">HIV.E.DE267</a></td><td>Secondary</td><td>Hypertension with a known secondary cause (e.g. renal disease; detected pre-pregnancy or at less than 20 weeks)</td></tr><tr><td><a href="CodeSystem-HIVConcepts.html#HIVConcepts-HIV.46E.46DE268">HIV.E.DE268</a></td><td>White-coat hypertension</td><td>sBP greater than or equal to 140 and/or dBP greater than or equal to 90 mmHg when measured in the office or clinic, and BP less than 135/85 mmHg using HBPM or ABPM readings (pre-pregnancy or at less than 20 weeks)</td></tr><tr><td><a href="CodeSystem-HIVConcepts.html#HIVConcepts-HIV.46E.46DE269">HIV.E.DE269</a></td><td>Masked hypertension</td><td>BP that is less than 140/90 mmHg at a clinic/office visit, but greater then or equal to 135/85 mmHg at other times outside the clinic/ office (pre-pregnancy or at less than 20 weeks)</td></tr><tr><td><a href="CodeSystem-HIVConcepts.html#HIVConcepts-HIV.46E.46DE270">HIV.E.DE270</a></td><td>Gestational hypertension</td><td>Hypertension arising de novo at greater than or equal to 20 weeks' gestation in the absence of proteinuria or other findings suggestive of pre-eclampsia</td></tr><tr><td><a href="CodeSystem-HIVConcepts.html#HIVConcepts-HIV.46E.46DE271">HIV.E.DE271</a></td><td>Transient gestational hypertension</td><td>Hypertension arising at greater than or equal to 20 weeks' gestation in the clinic, which resolves with repeated BP readings</td></tr><tr><td><a href="CodeSystem-HIVConcepts.html#HIVConcepts-HIV.46E.46DE272">HIV.E.DE272</a></td><td>Pre-eclampsia</td><td>Pre-eclampsia</td></tr><tr><td><a href="CodeSystem-HIVConcepts.html#HIVConcepts-HIV.46E.46DE273">HIV.E.DE273</a></td><td>Superimposed on chronic hypertension</td><td>Among women with chronic hypertension, development of new proteinuria, another maternal organ dysfunction(s), or evidence of uteroplacental dysfunction.</td></tr></table></li></ul></div></text><url value="http://smart.who.int/hiv/ValueSet/HIV.E.DE264"/><version value="0.4.4"/><name value="HIVEDE264"/><title value="Type of hypertensive disorder ValueSet"/><status value="active"/><experimental value="true"/><date value="2025-07-24T19:46:28+00:00"/><publisher value="WHO"/><contact><name value="WHO"/><telecom><system value="url"/><value value="http://who.int"/></telecom></contact><description value="Value set of type of hypertensive disorder of the mother"/><compose><include><system value="http://smart.who.int/hiv/CodeSystem/HIVConcepts"/><concept><code value="HIV.E.DE265"/><display value="Chronic hypertension"/></concept><concept><code value="HIV.E.DE266"/><display value="Essential"/></concept><concept><code value="HIV.E.DE267"/><display value="Secondary"/></concept><concept><code value="HIV.E.DE268"/><display value="White-coat hypertension"/></concept><concept><code value="HIV.E.DE269"/><display value="Masked hypertension"/></concept><concept><code value="HIV.E.DE270"/><display value="Gestational hypertension"/></concept><concept><code value="HIV.E.DE271"/><display value="Transient gestational hypertension"/></concept><concept><code value="HIV.E.DE272"/><display value="Pre-eclampsia"/></concept><concept><code value="HIV.E.DE273"/><display value="Superimposed on chronic hypertension"/></concept></include></compose></ValueSet>