<?xml version="1.0" encoding="UTF-8"?><ValueSet xmlns="http://hl7.org/fhir"><id value="HIV.E.DE246"/><meta><profile value="http://hl7.org/fhir/uv/crmi/StructureDefinition/crmi-shareablevalueset"/><profile value="http://hl7.org/fhir/uv/crmi/StructureDefinition/crmi-publishablevalueset"/><profile value="http://hl7.org/fhir/uv/crmi/StructureDefinition/crmi-computablevalueset"/></meta><text><status value="extensions"/><div xmlns="http://www.w3.org/1999/xhtml"><p class="res-header-id"><b>Generated Narrative: ValueSet HIV.E.DE246</b></p><a name="HIV.E.DE246"> </a><a name="hcHIV.E.DE246"> </a><div style="display: inline-block; background-color: #d9e0e7; padding: 6px; margin: 4px; border: 1px solid #8da1b4; border-radius: 5px; line-height: 60%"><p style="margin-bottom: 0px"/><p style="margin-bottom: 0px">Profiles: <a href="http://hl7.org/fhir/uv/crmi/STU1/StructureDefinition-crmi-shareablevalueset.html">CRMI Shareable ValueSet</a>, <a href="http://hl7.org/fhir/uv/crmi/STU1/StructureDefinition-crmi-publishablevalueset.html">CRMI Publishable ValueSet</a>, <a href="http://hl7.org/fhir/uv/crmi/STU1/StructureDefinition-crmi-computablevalueset.html">CRMI Computable ValueSet</a></p></div><ul><li>Include these codes as defined in <a href="CodeSystem-HIVConcepts.html"><code>http://smart.who.int/hiv/CodeSystem/HIVConcepts</code></a><table class="none"><tr><td style="white-space:nowrap"><b>Code</b></td><td><b>Display</b></td><td><b>Definition</b></td></tr><tr><td><a href="CodeSystem-HIVConcepts.html#HIVConcepts-HIV.46E.46DE247">HIV.E.DE247</a></td><td>A+</td><td>Mother's blood type and blood Rh factor is A+</td></tr><tr><td><a href="CodeSystem-HIVConcepts.html#HIVConcepts-HIV.46E.46DE248">HIV.E.DE248</a></td><td>A-</td><td>Mother's blood type and blood Rh factor is A-</td></tr><tr><td><a href="CodeSystem-HIVConcepts.html#HIVConcepts-HIV.46E.46DE249">HIV.E.DE249</a></td><td>B+</td><td>Mother's blood type and blood Rh factor is B+</td></tr><tr><td><a href="CodeSystem-HIVConcepts.html#HIVConcepts-HIV.46E.46DE250">HIV.E.DE250</a></td><td>B-</td><td>Mother's blood type and blood Rh factor is B-</td></tr><tr><td><a href="CodeSystem-HIVConcepts.html#HIVConcepts-HIV.46E.46DE251">HIV.E.DE251</a></td><td>O+</td><td>Mother's blood type and blood Rh factor is O+</td></tr><tr><td><a href="CodeSystem-HIVConcepts.html#HIVConcepts-HIV.46E.46DE252">HIV.E.DE252</a></td><td>O-</td><td>Mother's blood type and blood Rh factor is O-</td></tr><tr><td><a href="CodeSystem-HIVConcepts.html#HIVConcepts-HIV.46E.46DE253">HIV.E.DE253</a></td><td>AB+</td><td>Mother's blood type and blood Rh factor is AB+</td></tr><tr><td><a href="CodeSystem-HIVConcepts.html#HIVConcepts-HIV.46E.46DE254">HIV.E.DE254</a></td><td>AB-</td><td>Mother's blood type and blood Rh factor is AB-</td></tr></table></li></ul></div></text><url value="http://smart.who.int/hiv/ValueSet/HIV.E.DE246"/><version value="0.4.4"/><name value="HIVEDE246"/><title value="Blood group and Rh factor ValueSet"/><status value="active"/><experimental value="true"/><date value="2025-07-24T19:46:28+00:00"/><publisher value="WHO"/><contact><name value="WHO"/><telecom><system value="url"/><value value="http://who.int"/></telecom></contact><description value="Value set of mother's blood type and blood Rh factor"/><compose><include><system value="http://smart.who.int/hiv/CodeSystem/HIVConcepts"/><concept><code value="HIV.E.DE247"/><display value="A+"/></concept><concept><code value="HIV.E.DE248"/><display value="A-"/></concept><concept><code value="HIV.E.DE249"/><display value="B+"/></concept><concept><code value="HIV.E.DE250"/><display value="B-"/></concept><concept><code value="HIV.E.DE251"/><display value="O+"/></concept><concept><code value="HIV.E.DE252"/><display value="O-"/></concept><concept><code value="HIV.E.DE253"/><display value="AB+"/></concept><concept><code value="HIV.E.DE254"/><display value="AB-"/></concept></include></compose></ValueSet>