<?xml version="1.0" encoding="UTF-8"?><ValueSet xmlns="http://hl7.org/fhir"><id value="HIV.E.DE6"/><meta><profile value="http://hl7.org/fhir/uv/crmi/StructureDefinition/crmi-shareablevalueset"/><profile value="http://hl7.org/fhir/uv/crmi/StructureDefinition/crmi-publishablevalueset"/><profile value="http://hl7.org/fhir/uv/crmi/StructureDefinition/crmi-computablevalueset"/></meta><text><status value="extensions"/><div xmlns="http://www.w3.org/1999/xhtml"><p class="res-header-id"><b>Generated Narrative: ValueSet HIV.E.DE6</b></p><a name="HIV.E.DE6"> </a><a name="hcHIV.E.DE6"> </a><div style="display: inline-block; background-color: #d9e0e7; padding: 6px; margin: 4px; border: 1px solid #8da1b4; border-radius: 5px; line-height: 60%"><p style="margin-bottom: 0px"/><p style="margin-bottom: 0px">Profiles: <a href="http://hl7.org/fhir/uv/crmi/STU1/StructureDefinition-crmi-shareablevalueset.html">CRMI Shareable ValueSet</a>, <a href="http://hl7.org/fhir/uv/crmi/STU1/StructureDefinition-crmi-publishablevalueset.html">CRMI Publishable ValueSet</a>, <a href="http://hl7.org/fhir/uv/crmi/STU1/StructureDefinition-crmi-computablevalueset.html">CRMI Computable ValueSet</a></p></div><ul><li>Include these codes as defined in <a href="CodeSystem-HIVConcepts.html"><code>http://smart.who.int/hiv/CodeSystem/HIVConcepts</code></a><table class="none"><tr><td style="white-space:nowrap"><b>Code</b></td><td><b>Display</b></td><td><b>Definition</b></td></tr><tr><td><a href="CodeSystem-HIVConcepts.html#HIVConcepts-HIV.46E.46DE7">HIV.E.DE7</a></td><td>Last menstrual period (LMP)</td><td>Gestational age (GA) calculated from LMP</td></tr><tr><td><a href="CodeSystem-HIVConcepts.html#HIVConcepts-HIV.46E.46DE8">HIV.E.DE8</a></td><td>Ultrasound</td><td>Woman's gestational age today calculated field using ultrasound GA and ultrasound date</td></tr><tr><td><a href="CodeSystem-HIVConcepts.html#HIVConcepts-HIV.46E.46DE9">HIV.E.DE9</a></td><td>Symphysis fundal height (SFH) or abdominal palpation</td><td>If LMP is unknown and either ultrasound wasn't done or it wasn't done early enough, then show the option for health worker to enter GA in weeks based on Symphysis Fundal Height (SFH) or abdominal palpation.</td></tr></table></li></ul></div></text><url value="http://smart.who.int/hiv/ValueSet/HIV.E.DE6"/><version value="0.4.4"/><name value="HIVEDE6"/><title value="Source of gestational age ValueSet"/><status value="active"/><experimental value="true"/><date value="2025-07-24T19:46:28+00:00"/><publisher value="WHO"/><contact><name value="WHO"/><telecom><system value="url"/><value value="http://who.int"/></telecom></contact><description value="Value set of gestational age can be calculated multiple ways. This data element describes where the gestational age above has been calculated from."/><compose><include><system value="http://smart.who.int/hiv/CodeSystem/HIVConcepts"/><concept><code value="HIV.E.DE7"/><display value="Last menstrual period (LMP)"/></concept><concept><code value="HIV.E.DE8"/><display value="Ultrasound"/></concept><concept><code value="HIV.E.DE9"/><display value="Symphysis fundal height (SFH) or abdominal palpation"/></concept></include></compose></ValueSet>