{
  "resourceType" : "Measure",
  "id" : "HIVIND25",
  "meta" : {
    "profile" : ["http://hl7.org/fhir/us/cqfmeasures/StructureDefinition/proportion-measure-cqfm",
    "http://hl7.org/fhir/uv/crmi/StructureDefinition/crmi-shareablemeasure",
    "http://hl7.org/fhir/uv/crmi/StructureDefinition/crmi-publishablemeasure"]
  },
  "text" : {
    "status" : "extensions",
    "div" : "<div xmlns=\"http://www.w3.org/1999/xhtml\">\n  <table class=\"narrative-table\">\n    <tbody>\n<tr>\n\n<th colspan=\"2\" scope=\"row\" class=\"row-header\">Knowledge Artifact Metadata</th>\n\n</tr>\n\n<tr>\n\n<th scope=\"row\" class=\"row-header\">Name (machine-readable)</th>\n\n<td class=\"content-container\">HIVIND25</td>\n</tr>\n\n\n<tr>\n\n<th scope=\"row\" class=\"row-header\">Title (human-readable)</th>\n\n<td class=\"content-container\">HIV.IND.25 HIV retesting coverage</td>\n</tr>\n\n\n\n<tr>\n\n<th scope=\"row\" class=\"row-header\">Status</th>\n\n<td class=\"content-container\">Draft</td>\n</tr>\n\n\n<tr>\n\n<th scope=\"row\" class=\"row-header\">Experimental</th>\n\n<td class=\"content-container\">true</td>\n</tr>\n\n\n<tr>\n\n<th scope=\"row\" class=\"row-header\">Description</th>\n\n<td class=\"content-container\"><div><p>% of people testing HIV-negative who tested again within a defined period of time after their previous test</p>\n</div></td>\n</tr>\n\n\n\n\n\n\n\n\n\n\n\n\n<tr>\n\n<th scope=\"row\" class=\"row-header\">Measure Steward</th>\n\n<td class=\"content-container\">WHO</td>\n</tr>\n\n\n<tr>\n\n<th scope=\"row\" class=\"row-header\">Steward Contact Details</th>\n\n<td class=\"content-container\">WHO: <a href=\"http://who.int\">http://who.int</a></td>\n</tr>\n\n\n\n\n\n\n\n\n\n\n\n<tr>\n\n<th colspan=\"2\" scope=\"row\" class=\"row-header\">Measure Metadata</th>\n\n</tr>\n\n\n\n\n\n\n<tr>\n\n<th scope=\"row\" class=\"row-header\">Version Number</th>\n\n<td class=\"content-container\">0.4.4</td>\n</tr>\n\n\n<tr>\n\n<th scope=\"row\" class=\"row-header\">Measure Scoring</th>\n\n<td class=\"content-container\"><span title=\"Codes:{http://terminology.hl7.org/CodeSystem/measure-scoring proportion}\">Proportion</span></td>\n</tr>\n\n\n\n\n\n\n\n\n\n\n\n\n  \n<tr>\n\n<th scope=\"row\" class=\"row-header\">Population Basis</th>\n\n<td class=\"content-container\">boolean</td>\n</tr>\n\n\n\n\n\n  \n    <tr>\n\n<th colspan=\"2\" scope=\"row\" class=\"row-header\">Measure Population Criteria</th>\n\n</tr>\n  \n  \n  \n  \n    <tr>\n      \n        \n<th scope=\"row\" class=\"row-header\">Initial Population</th>\n\n      \n      <td class=\"content-container\">\n        \n        <em>ID</em>: HIV.IND.25.IP\n        <br/>\n        \n        \n          <em>Description</em>:\n          <p style=\"white-space: pre-line\" class=\"tab-one\">Initial Population</p>\n        \n        \n          \n            \n            <em>Logic Definition</em>: <a href=\"#hivind25logic-initial-population\">Initial Population</a> \n          \n        \n      </td>\n    </tr>\n  \n\n  \n    <tr>\n      \n        \n<th scope=\"row\" class=\"row-header\">Denominator</th>\n\n      \n      <td class=\"content-container\">\n        \n        <em>ID</em>: HIV.IND.25.DEN\n        <br/>\n        \n        \n          <em>Description</em>:\n          <p style=\"white-space: pre-line\" class=\"tab-one\">Number of people assessed as being at elevated risk for HIV acquisition (includes people requesting/receiving any HIV prevention intervention, people from key populations, people with known risk factors or those assessed as being at risk of HIV acquisition) who received an HIV-negative test result in the reporting period.</p>\n        \n        \n          \n            \n            <em>Logic Definition</em>: <a href=\"#hivind25logic-denominator\">Denominator</a> \n          \n        \n      </td>\n    </tr>\n  \n\n  \n    <tr>\n      \n        \n<th scope=\"row\" class=\"row-header\">Numerator</th>\n\n      \n      <td class=\"content-container\">\n        \n        <em>ID</em>: HIV.IND.25.NUM\n        <br/>\n        \n        \n          <em>Description</em>:\n          <p style=\"white-space: pre-line\" class=\"tab-one\">Number of individuals who tested HIV-negative assessed to be at elevated risk for HIV acquisition who had another HIV test within a defined period after previous test.</p>\n        \n        \n          \n            \n            <em>Logic Definition</em>: <a href=\"#hivind25logic-numerator\">Numerator</a> \n          \n        \n      </td>\n    </tr>\n  \n\n  \n<tr>\n  \n<th scope=\"row\" class=\"row-header\">Stratifier</th>\n\n  <td class=\"content-container\">\n    \n      <em>ID</em>: HIV.IND.25.S\n      \n    \n    \n    \n  </td>\n</tr>\n\n  \n\n\n\n\n\n\n\n\n\n  \n<tr>\n\n<th scope=\"row\" class=\"row-header\">Improvement Notation</th>\n\n<td class=\"content-container\"><span title=\"Codes:{http://terminology.hl7.org/CodeSystem/measure-improvement-notation increase}\">Increased score indicates improvement</span></td>\n</tr>\n\n\n\n\n\n\n<tr>\n\n<th colspan=\"2\" scope=\"row\" class=\"row-header\">Measure Logic</th>\n\n</tr>\n\n<tr>\n\n<th scope=\"row\" class=\"row-header\">Primary Library</th>\n\n<td class=\"content-container\"><a href=\"Library-HIVIND25Logic.html\">HIV.IND.25 Logic</a></td>\n</tr>\n\n\n\n\n<tr>\n  <th colspan=\"2\" scope=\"row\" class=\"row-header\">Generated using version 0.4.6 of the sample-content-ig Liquid templates</th>\n</tr>\n    </tbody>\n  </table>\n</div>"
  },
  "extension" : [{
    "url" : "http://hl7.org/fhir/us/cqfmeasures/StructureDefinition/cqfm-populationBasis",
    "valueCode" : "boolean"
  }],
  "url" : "http://smart.who.int/hiv/Measure/HIVIND25",
  "version" : "0.4.4",
  "name" : "HIVIND25",
  "title" : "HIV.IND.25 HIV retesting coverage",
  "status" : "draft",
  "experimental" : true,
  "date" : "2024-08-18",
  "publisher" : "WHO",
  "contact" : [{
    "name" : "WHO",
    "telecom" : [{
      "system" : "url",
      "value" : "http://who.int"
    }]
  }],
  "description" : "% of people testing HIV-negative who tested again within a defined period of time after their previous test",
  "library" : ["http://smart.who.int/hiv/Library/HIVIND25Logic"],
  "scoring" : {
    "coding" : [{
      "system" : "http://terminology.hl7.org/CodeSystem/measure-scoring",
      "code" : "proportion",
      "display" : "Proportion"
    }]
  },
  "group" : [{
    "extension" : [{
      "url" : "http://hl7.org/fhir/us/cqfmeasures/StructureDefinition/cqfm-improvementNotation",
      "valueCodeableConcept" : {
        "coding" : [{
          "system" : "http://terminology.hl7.org/CodeSystem/measure-improvement-notation",
          "code" : "increase"
        }]
      }
    }],
    "population" : [{
      "id" : "HIV.IND.25.IP",
      "code" : {
        "coding" : [{
          "system" : "http://terminology.hl7.org/CodeSystem/measure-population",
          "code" : "initial-population",
          "display" : "Initial Population"
        }]
      },
      "description" : "Initial Population",
      "criteria" : {
        "language" : "text/cql-identifier",
        "expression" : "Initial Population"
      }
    },
    {
      "id" : "HIV.IND.25.DEN",
      "code" : {
        "coding" : [{
          "system" : "http://terminology.hl7.org/CodeSystem/measure-population",
          "code" : "denominator",
          "display" : "Denominator"
        }]
      },
      "description" : "Number of people assessed as being at elevated risk for HIV acquisition (includes people requesting/receiving any HIV prevention intervention, people from key populations, people with known risk factors or those assessed as being at risk of HIV acquisition) who received an HIV-negative test result in the reporting period.",
      "criteria" : {
        "language" : "text/cql-identifier",
        "expression" : "Denominator"
      }
    },
    {
      "id" : "HIV.IND.25.NUM",
      "code" : {
        "coding" : [{
          "system" : "http://terminology.hl7.org/CodeSystem/measure-population",
          "code" : "numerator",
          "display" : "Numerator"
        }]
      },
      "description" : "Number of individuals who tested HIV-negative assessed to be at elevated risk for HIV acquisition who had another HIV test within a defined period after previous test.",
      "criteria" : {
        "language" : "text/cql-identifier",
        "expression" : "Numerator"
      }
    }],
    "stratifier" : [{
      "id" : "HIV.IND.25.S",
      "criteria" : {
        "language" : "text/cql-identifier",
        "expression" : "Stratification"
      }
    }]
  }]
}