{
  "resourceType" : "Basic",
  "id" : "HIV.G.Diagnostics",
  "text" : {
    "status" : "generated",
    "div" : "<div xmlns=\"http://www.w3.org/1999/xhtml\"><p class=\"res-header-id\"><b>Generated Narrative: Requirements HIV.G.Diagnostics</b></p><a name=\"HIV.G.Diagnostics\"> </a><a name=\"hcHIV.G.Diagnostics\"> </a><table class=\"grid\"><tr><td><b><a name=\"HIV.FXNREQ.046\"> </a></b>HIV.FXNREQ.046</td><td/><td><div><p>As a Health worker\nI want the system to be capable to receive diagnosis test results from laboratories or other test centers\nSo that I can have a faster patient follow-up</p>\n</div></td></tr></table></div>"
  },
  "extension" : [{
    "url" : "http://hl7.org/fhir/5.0/StructureDefinition/extension-Requirements.url",
    "valueUri" : "http://smart.who.int/hiv/Requirements/HIV.G.Diagnostics"
  },
  {
    "url" : "http://hl7.org/fhir/5.0/StructureDefinition/extension-Requirements.version",
    "valueString" : "0.4.4"
  },
  {
    "url" : "http://hl7.org/fhir/5.0/StructureDefinition/extension-Requirements.status",
    "valueCode" : "active"
  },
  {
    "url" : "http://hl7.org/fhir/5.0/StructureDefinition/extension-Requirements.date",
    "valueDateTime" : "2025-07-24T19:25:44+00:00"
  },
  {
    "url" : "http://hl7.org/fhir/5.0/StructureDefinition/extension-Requirements.publisher",
    "valueString" : "WHO"
  },
  {
    "url" : "http://hl7.org/fhir/5.0/StructureDefinition/extension-Requirements.contact",
    "valueContactDetail" : {
      "name" : "WHO",
      "telecom" : [{
        "system" : "url",
        "value" : "http://who.int"
      }]
    }
  },
  {
    "url" : "http://hl7.org/fhir/5.0/StructureDefinition/extension-Requirements.jurisdiction"
  },
  {
    "extension" : [{
      "url" : "http://hl7.org/fhir/5.0/StructureDefinition/extension-Requirements.statement.key",
      "valueId" : "HIV.FXNREQ.046"
    },
    {
      "url" : "http://hl7.org/fhir/5.0/StructureDefinition/extension-Requirements.statement.requirement",
      "valueMarkdown" : "As a Health worker\nI want the system to be capable to receive diagnosis test results from laboratories or other test centers\nSo that I can have a faster patient follow-up"
    }],
    "url" : "http://hl7.org/fhir/5.0/StructureDefinition/extension-Requirements.statement"
  }],
  "code" : {
    "coding" : [{
      "system" : "http://hl7.org/fhir/fhir-types",
      "code" : "Requirements"
    }]
  }
}