{
  "resourceType" : "Basic",
  "id" : "HIV.A.Registration",
  "text" : {
    "status" : "generated",
    "div" : "<div xmlns=\"http://www.w3.org/1999/xhtml\"><p class=\"res-header-id\"><b>Generated Narrative: Requirements HIV.A.Registration</b></p><a name=\"HIV.A.Registration\"> </a><a name=\"hcHIV.A.Registration\"> </a><table class=\"grid\"><tr><td><b><a name=\"HIV.FXNREQ.001\"> </a></b>HIV.FXNREQ.001</td><td/><td><div><p>As a Health worker or data entry clerk\nI want to ensure that the privacy and confidentiality of clients are assured\nSo that clients’ rights and safety are protected and the facility is in compliance with any relevant international or local data protection policies</p>\n</div></td></tr><tr><td><b><a name=\"HIV.FXNREQ.002\"> </a></b>HIV.FXNREQ.002</td><td/><td><div><p>As a Health worker or data entry clerk\nI want to search to see whether client is already in the system\nSo that I can check whether this is a new or existing client</p>\n</div></td></tr><tr><td><b><a name=\"HIV.FXNREQ.003\"> </a></b>HIV.FXNREQ.003</td><td/><td><div><p>As a Health worker or data entry clerk\nI want  the system to require me (a user) to search to see whether a client is already in the system prior to starting a new medical record entry\nSo that I can confirm that it is the correct client and update information as necessary</p>\n</div></td></tr><tr><td><b><a name=\"HIV.FXNREQ.004\"> </a></b>HIV.FXNREQ.004</td><td/><td><div><p>As a Health worker or data entry clerk\nI want the system to be able to work offline\nSo that I can carry on care service provision regardless of internet connection. Once the system goes back online, the data is synchronized with the central system</p>\n</div></td></tr><tr><td><b><a name=\"HIV.FXNREQ.005\"> </a></b>HIV.FXNREQ.005</td><td/><td><div><p>As a Health worker or data entry clerk\nI want to provide sufficient data to rule out the possibility that this client is already in the system\nSo that I can avoid duplicates</p>\n</div></td></tr><tr><td><b><a name=\"HIV.FXNREQ.006\"> </a></b>HIV.FXNREQ.006</td><td/><td><div><p>As a Health worker or data entry clerk\nI want to enter a temporary identification in situations when full identity unknown\nSo that I can proceed with registration</p>\n</div></td></tr><tr><td><b><a name=\"HIV.FXNREQ.007\"> </a></b>HIV.FXNREQ.007</td><td/><td><div><p>As a Health worker or data entry clerk\nI want to edit fields on screen before information is committed\nSo that I can ensure information has been checked before submission</p>\n</div></td></tr><tr><td><b><a name=\"HIV.FXNREQ.008\"> </a></b>HIV.FXNREQ.008</td><td/><td><div><p>As a Health worker or data entry clerk\nI want to generate encounter number for contact\nSo that I can initiate the required care services</p>\n</div></td></tr><tr><td><b><a name=\"HIV.FXNREQ.009\"> </a></b>HIV.FXNREQ.009</td><td/><td><div><p>As a Health worker or data entry clerk\nI want to generate or associate to existing facility medical record number\nSo that I can check and confirm the information</p>\n</div></td></tr><tr><td><b><a name=\"HIV.FXNREQ.010\"> </a></b>HIV.FXNREQ.010</td><td/><td><div><p>As a Health worker or data entry clerk\nI want to record if a client consents to follow-up\nSo that the client’s privacy regarding follow-up is protected</p>\n</div></td></tr><tr><td><b><a name=\"HIV.FXNREQ.011\"> </a></b>HIV.FXNREQ.011</td><td/><td><div><p>As a Health worker or data entry clerk\nI want to update the type of setting where care is being provided (in the community or facility)\nSo that I can track where and in what settings cases are being identified (used for indicator HTS.2 HTS test volume and positivity)</p>\n</div></td></tr><tr><td><b><a name=\"HIV.FXNREQ.012\"> </a></b>HIV.FXNREQ.012</td><td/><td><div><p>As a Health worker or data entry clerk\nI want to be able to flag when a client wishes to be contacted with a reminder\nSo that the client can be better supported to remain in care.</p>\n</div></td></tr><tr><td><b><a name=\"HIV.FXNREQ.013\"> </a></b>HIV.FXNREQ.013</td><td/><td><div><p>As a Programme manager\nI want to ensure the system prompts the health worker to get informed consent from the client\nSo that jurisdictional requirements are adhered to and clients’ rights are protected</p>\n</div></td></tr><tr><td><b><a name=\"HIV.FXNREQ.014\"> </a></b>HIV.FXNREQ.014</td><td/><td><div><p>As a Health worker or data entry clerk\nI want to be able to update demographic information\nSo that the most current information on client can be recorded</p>\n</div></td></tr><tr><td><b><a name=\"HIV.FXNREQ.015\"> </a></b>HIV.FXNREQ.015</td><td/><td><div><p>As a Health worker or data entry clerk\nI want to retain previous history of updated information\nSo that I can review past information</p>\n</div></td></tr><tr><td><b><a name=\"HIV.FXNREQ.016\"> </a></b>HIV.FXNREQ.016</td><td/><td><div><p>As a Health worker or data entry clerk\nI want , if this is a returning contact, to add the information to their previous contact\nSo that I can link the information across different contacts</p>\n</div></td></tr><tr><td><b><a name=\"HIV.FXNREQ.017\"> </a></b>HIV.FXNREQ.017</td><td/><td><div><p>As a Health worker or data entry clerk\nI want to be able to update the client history from client-held records\nSo that the clients' history of HIV care can be available when they go to other facilities (for example, transfer, hospital, TB clinic) if history or transfer information is not available from past facilities directly.</p>\n</div></td></tr><tr><td><b><a name=\"HIV.FXNREQ.018\"> </a></b>HIV.FXNREQ.018</td><td/><td><div><p>As a Health worker or data entry clerk\nI want to record a time-and-date-stamped new contact (encounter)\nSo that I can confirm when the client came</p>\n</div></td></tr><tr><td><b><a name=\"HIV.FXNREQ.019\"> </a></b>HIV.FXNREQ.019</td><td/><td><div><p>As a Health worker or data entry clerk\nI want to be able to attach a unique identifier (without using name, address, or other personal information) to the client's record based on national standards consent\nSo that I have additional ways of identifying client.</p>\n</div></td></tr><tr><td><b><a name=\"HIV.FXNREQ.020\"> </a></b>HIV.FXNREQ.020</td><td/><td><div><p>As a Health worker\nI want to have the ability to “check in” a client for a scheduled contact\nSo that I can initiate services at client contact</p>\n</div></td></tr><tr><td><b><a name=\"HIV.FXNREQ.021\"> </a></b>HIV.FXNREQ.021</td><td/><td><div><p>As a Health worker or data entry clerk\nI want to provide a list or roster of all clients due to arrive\nSo that I know which clients to follow-up or are due for services</p>\n</div></td></tr></table></div>"
  },
  "extension" : [{
    "url" : "http://hl7.org/fhir/5.0/StructureDefinition/extension-Requirements.url",
    "valueUri" : "http://smart.who.int/hiv/Requirements/HIV.A.Registration"
  },
  {
    "url" : "http://hl7.org/fhir/5.0/StructureDefinition/extension-Requirements.version",
    "valueString" : "0.4.4"
  },
  {
    "url" : "http://hl7.org/fhir/5.0/StructureDefinition/extension-Requirements.status",
    "valueCode" : "active"
  },
  {
    "url" : "http://hl7.org/fhir/5.0/StructureDefinition/extension-Requirements.date",
    "valueDateTime" : "2025-07-24T19:25:44+00:00"
  },
  {
    "url" : "http://hl7.org/fhir/5.0/StructureDefinition/extension-Requirements.publisher",
    "valueString" : "WHO"
  },
  {
    "url" : "http://hl7.org/fhir/5.0/StructureDefinition/extension-Requirements.contact",
    "valueContactDetail" : {
      "name" : "WHO",
      "telecom" : [{
        "system" : "url",
        "value" : "http://who.int"
      }]
    }
  },
  {
    "url" : "http://hl7.org/fhir/5.0/StructureDefinition/extension-Requirements.jurisdiction"
  },
  {
    "extension" : [{
      "url" : "http://hl7.org/fhir/5.0/StructureDefinition/extension-Requirements.statement.key",
      "valueId" : "HIV.FXNREQ.001"
    },
    {
      "url" : "http://hl7.org/fhir/5.0/StructureDefinition/extension-Requirements.statement.requirement",
      "valueMarkdown" : "As a Health worker or data entry clerk\nI want to ensure that the privacy and confidentiality of clients are assured\nSo that clients’ rights and safety are protected and the facility is in compliance with any relevant international or local data protection policies"
    }],
    "url" : "http://hl7.org/fhir/5.0/StructureDefinition/extension-Requirements.statement"
  },
  {
    "extension" : [{
      "url" : "http://hl7.org/fhir/5.0/StructureDefinition/extension-Requirements.statement.key",
      "valueId" : "HIV.FXNREQ.002"
    },
    {
      "url" : "http://hl7.org/fhir/5.0/StructureDefinition/extension-Requirements.statement.requirement",
      "valueMarkdown" : "As a Health worker or data entry clerk\nI want to search to see whether client is already in the system\nSo that I can check whether this is a new or existing client"
    }],
    "url" : "http://hl7.org/fhir/5.0/StructureDefinition/extension-Requirements.statement"
  },
  {
    "extension" : [{
      "url" : "http://hl7.org/fhir/5.0/StructureDefinition/extension-Requirements.statement.key",
      "valueId" : "HIV.FXNREQ.003"
    },
    {
      "url" : "http://hl7.org/fhir/5.0/StructureDefinition/extension-Requirements.statement.requirement",
      "valueMarkdown" : "As a Health worker or data entry clerk\nI want  the system to require me (a user) to search to see whether a client is already in the system prior to starting a new medical record entry\nSo that I can confirm that it is the correct client and update information as necessary"
    }],
    "url" : "http://hl7.org/fhir/5.0/StructureDefinition/extension-Requirements.statement"
  },
  {
    "extension" : [{
      "url" : "http://hl7.org/fhir/5.0/StructureDefinition/extension-Requirements.statement.key",
      "valueId" : "HIV.FXNREQ.004"
    },
    {
      "url" : "http://hl7.org/fhir/5.0/StructureDefinition/extension-Requirements.statement.requirement",
      "valueMarkdown" : "As a Health worker or data entry clerk\nI want the system to be able to work offline\nSo that I can carry on care service provision regardless of internet connection. Once the system goes back online, the data is synchronized with the central system"
    }],
    "url" : "http://hl7.org/fhir/5.0/StructureDefinition/extension-Requirements.statement"
  },
  {
    "extension" : [{
      "url" : "http://hl7.org/fhir/5.0/StructureDefinition/extension-Requirements.statement.key",
      "valueId" : "HIV.FXNREQ.005"
    },
    {
      "url" : "http://hl7.org/fhir/5.0/StructureDefinition/extension-Requirements.statement.requirement",
      "valueMarkdown" : "As a Health worker or data entry clerk\nI want to provide sufficient data to rule out the possibility that this client is already in the system\nSo that I can avoid duplicates"
    }],
    "url" : "http://hl7.org/fhir/5.0/StructureDefinition/extension-Requirements.statement"
  },
  {
    "extension" : [{
      "url" : "http://hl7.org/fhir/5.0/StructureDefinition/extension-Requirements.statement.key",
      "valueId" : "HIV.FXNREQ.006"
    },
    {
      "url" : "http://hl7.org/fhir/5.0/StructureDefinition/extension-Requirements.statement.requirement",
      "valueMarkdown" : "As a Health worker or data entry clerk\nI want to enter a temporary identification in situations when full identity unknown\nSo that I can proceed with registration"
    }],
    "url" : "http://hl7.org/fhir/5.0/StructureDefinition/extension-Requirements.statement"
  },
  {
    "extension" : [{
      "url" : "http://hl7.org/fhir/5.0/StructureDefinition/extension-Requirements.statement.key",
      "valueId" : "HIV.FXNREQ.007"
    },
    {
      "url" : "http://hl7.org/fhir/5.0/StructureDefinition/extension-Requirements.statement.requirement",
      "valueMarkdown" : "As a Health worker or data entry clerk\nI want to edit fields on screen before information is committed\nSo that I can ensure information has been checked before submission"
    }],
    "url" : "http://hl7.org/fhir/5.0/StructureDefinition/extension-Requirements.statement"
  },
  {
    "extension" : [{
      "url" : "http://hl7.org/fhir/5.0/StructureDefinition/extension-Requirements.statement.key",
      "valueId" : "HIV.FXNREQ.008"
    },
    {
      "url" : "http://hl7.org/fhir/5.0/StructureDefinition/extension-Requirements.statement.requirement",
      "valueMarkdown" : "As a Health worker or data entry clerk\nI want to generate encounter number for contact\nSo that I can initiate the required care services"
    }],
    "url" : "http://hl7.org/fhir/5.0/StructureDefinition/extension-Requirements.statement"
  },
  {
    "extension" : [{
      "url" : "http://hl7.org/fhir/5.0/StructureDefinition/extension-Requirements.statement.key",
      "valueId" : "HIV.FXNREQ.009"
    },
    {
      "url" : "http://hl7.org/fhir/5.0/StructureDefinition/extension-Requirements.statement.requirement",
      "valueMarkdown" : "As a Health worker or data entry clerk\nI want to generate or associate to existing facility medical record number\nSo that I can check and confirm the information"
    }],
    "url" : "http://hl7.org/fhir/5.0/StructureDefinition/extension-Requirements.statement"
  },
  {
    "extension" : [{
      "url" : "http://hl7.org/fhir/5.0/StructureDefinition/extension-Requirements.statement.key",
      "valueId" : "HIV.FXNREQ.010"
    },
    {
      "url" : "http://hl7.org/fhir/5.0/StructureDefinition/extension-Requirements.statement.requirement",
      "valueMarkdown" : "As a Health worker or data entry clerk\nI want to record if a client consents to follow-up\nSo that the client’s privacy regarding follow-up is protected"
    }],
    "url" : "http://hl7.org/fhir/5.0/StructureDefinition/extension-Requirements.statement"
  },
  {
    "extension" : [{
      "url" : "http://hl7.org/fhir/5.0/StructureDefinition/extension-Requirements.statement.key",
      "valueId" : "HIV.FXNREQ.011"
    },
    {
      "url" : "http://hl7.org/fhir/5.0/StructureDefinition/extension-Requirements.statement.requirement",
      "valueMarkdown" : "As a Health worker or data entry clerk\nI want to update the type of setting where care is being provided (in the community or facility)\nSo that I can track where and in what settings cases are being identified (used for indicator HTS.2 HTS test volume and positivity)"
    }],
    "url" : "http://hl7.org/fhir/5.0/StructureDefinition/extension-Requirements.statement"
  },
  {
    "extension" : [{
      "url" : "http://hl7.org/fhir/5.0/StructureDefinition/extension-Requirements.statement.key",
      "valueId" : "HIV.FXNREQ.012"
    },
    {
      "url" : "http://hl7.org/fhir/5.0/StructureDefinition/extension-Requirements.statement.requirement",
      "valueMarkdown" : "As a Health worker or data entry clerk\nI want to be able to flag when a client wishes to be contacted with a reminder\nSo that the client can be better supported to remain in care."
    }],
    "url" : "http://hl7.org/fhir/5.0/StructureDefinition/extension-Requirements.statement"
  },
  {
    "extension" : [{
      "url" : "http://hl7.org/fhir/5.0/StructureDefinition/extension-Requirements.statement.key",
      "valueId" : "HIV.FXNREQ.013"
    },
    {
      "url" : "http://hl7.org/fhir/5.0/StructureDefinition/extension-Requirements.statement.requirement",
      "valueMarkdown" : "As a Programme manager\nI want to ensure the system prompts the health worker to get informed consent from the client\nSo that jurisdictional requirements are adhered to and clients’ rights are protected"
    }],
    "url" : "http://hl7.org/fhir/5.0/StructureDefinition/extension-Requirements.statement"
  },
  {
    "extension" : [{
      "url" : "http://hl7.org/fhir/5.0/StructureDefinition/extension-Requirements.statement.key",
      "valueId" : "HIV.FXNREQ.014"
    },
    {
      "url" : "http://hl7.org/fhir/5.0/StructureDefinition/extension-Requirements.statement.requirement",
      "valueMarkdown" : "As a Health worker or data entry clerk\nI want to be able to update demographic information\nSo that the most current information on client can be recorded"
    }],
    "url" : "http://hl7.org/fhir/5.0/StructureDefinition/extension-Requirements.statement"
  },
  {
    "extension" : [{
      "url" : "http://hl7.org/fhir/5.0/StructureDefinition/extension-Requirements.statement.key",
      "valueId" : "HIV.FXNREQ.015"
    },
    {
      "url" : "http://hl7.org/fhir/5.0/StructureDefinition/extension-Requirements.statement.requirement",
      "valueMarkdown" : "As a Health worker or data entry clerk\nI want to retain previous history of updated information\nSo that I can review past information"
    }],
    "url" : "http://hl7.org/fhir/5.0/StructureDefinition/extension-Requirements.statement"
  },
  {
    "extension" : [{
      "url" : "http://hl7.org/fhir/5.0/StructureDefinition/extension-Requirements.statement.key",
      "valueId" : "HIV.FXNREQ.016"
    },
    {
      "url" : "http://hl7.org/fhir/5.0/StructureDefinition/extension-Requirements.statement.requirement",
      "valueMarkdown" : "As a Health worker or data entry clerk\nI want , if this is a returning contact, to add the information to their previous contact\nSo that I can link the information across different contacts"
    }],
    "url" : "http://hl7.org/fhir/5.0/StructureDefinition/extension-Requirements.statement"
  },
  {
    "extension" : [{
      "url" : "http://hl7.org/fhir/5.0/StructureDefinition/extension-Requirements.statement.key",
      "valueId" : "HIV.FXNREQ.017"
    },
    {
      "url" : "http://hl7.org/fhir/5.0/StructureDefinition/extension-Requirements.statement.requirement",
      "valueMarkdown" : "As a Health worker or data entry clerk\nI want to be able to update the client history from client-held records\nSo that the clients' history of HIV care can be available when they go to other facilities (for example, transfer, hospital, TB clinic) if history or transfer information is not available from past facilities directly."
    }],
    "url" : "http://hl7.org/fhir/5.0/StructureDefinition/extension-Requirements.statement"
  },
  {
    "extension" : [{
      "url" : "http://hl7.org/fhir/5.0/StructureDefinition/extension-Requirements.statement.key",
      "valueId" : "HIV.FXNREQ.018"
    },
    {
      "url" : "http://hl7.org/fhir/5.0/StructureDefinition/extension-Requirements.statement.requirement",
      "valueMarkdown" : "As a Health worker or data entry clerk\nI want to record a time-and-date-stamped new contact (encounter)\nSo that I can confirm when the client came"
    }],
    "url" : "http://hl7.org/fhir/5.0/StructureDefinition/extension-Requirements.statement"
  },
  {
    "extension" : [{
      "url" : "http://hl7.org/fhir/5.0/StructureDefinition/extension-Requirements.statement.key",
      "valueId" : "HIV.FXNREQ.019"
    },
    {
      "url" : "http://hl7.org/fhir/5.0/StructureDefinition/extension-Requirements.statement.requirement",
      "valueMarkdown" : "As a Health worker or data entry clerk\nI want to be able to attach a unique identifier (without using name, address, or other personal information) to the client's record based on national standards consent\nSo that I have additional ways of identifying client."
    }],
    "url" : "http://hl7.org/fhir/5.0/StructureDefinition/extension-Requirements.statement"
  },
  {
    "extension" : [{
      "url" : "http://hl7.org/fhir/5.0/StructureDefinition/extension-Requirements.statement.key",
      "valueId" : "HIV.FXNREQ.020"
    },
    {
      "url" : "http://hl7.org/fhir/5.0/StructureDefinition/extension-Requirements.statement.requirement",
      "valueMarkdown" : "As a Health worker\nI want to have the ability to “check in” a client for a scheduled contact\nSo that I can initiate services at client contact"
    }],
    "url" : "http://hl7.org/fhir/5.0/StructureDefinition/extension-Requirements.statement"
  },
  {
    "extension" : [{
      "url" : "http://hl7.org/fhir/5.0/StructureDefinition/extension-Requirements.statement.key",
      "valueId" : "HIV.FXNREQ.021"
    },
    {
      "url" : "http://hl7.org/fhir/5.0/StructureDefinition/extension-Requirements.statement.requirement",
      "valueMarkdown" : "As a Health worker or data entry clerk\nI want to provide a list or roster of all clients due to arrive\nSo that I know which clients to follow-up or are due for services"
    }],
    "url" : "http://hl7.org/fhir/5.0/StructureDefinition/extension-Requirements.statement"
  }],
  "code" : {
    "coding" : [{
      "system" : "http://hl7.org/fhir/fhir-types",
      "code" : "Requirements"
    }]
  }
}