{"resourceType":"ActivityDefinition","id":"HIVGuidanceCommunicationRequestActivity","meta":{"profile":["http://hl7.org/fhir/uv/cpg/StructureDefinition/cpg-communicationactivity"]},"url":"http://smart.who.int/hiv/ActivityDefinition/HIVGuidanceCommunicationRequestActivity","version":"0.4.4","name":"HIVGuidanceCommunicationRequestActivity","title":"HIVGuidanceCommunicationRequestActivity","status":"draft","experimental":true,"date":"2024-07-25","publisher":"WHO","contact":[{"name":"WHO","telecom":[{"system":"url","value":"http://who.int"}]}],"description":"CommunicationRequest to provide HIV Guidance to practitioner","kind":"CommunicationRequest","profile":"http://hl7.org/fhir/uv/cpg/StructureDefinition/cpg-communicationrequest","intent":"proposal","doNotPerform":false,"dynamicValue":[{"path":"status","expression":{"description":"Status = 'draft'","language":"text/cql","expression":"'draft' from \"http://hl7.org/fhir/request-status\""}},{"path":"priority","expression":{"description":"Priority = 'routine'","language":"text/cql","expression":"'routine' from \"http://hl7.org/fhir/request-priority\""}}]}