{"resourceType":"Basic","id":"DataEntryClerk","meta":{"profile":["http://smart.who.int/smart-base/StructureDefinition/SGPersona"]},"text":{"status":"generated","div":"<div xmlns=\"http://www.w3.org/1999/xhtml\"><p class=\"res-header-id\"><b>Generated Narrative: ActorDefinition DataEntryClerk</b></p><a name=\"DataEntryClerk\"> </a><a name=\"hcDataEntryClerk\"> </a><div style=\"display: inline-block; background-color: #d9e0e7; padding: 6px; margin: 4px; border: 1px solid #8da1b4; border-radius: 5px; line-height: 60%\"><p style=\"margin-bottom: 0px\"/><p style=\"margin-bottom: 0px\">Profile: <code>http://smart.who.int/smart-base/StructureDefinition/SGPersona</code></p></div><table class=\"grid\"><tr><td><b>Actor: DataEntryClerk </b></td><td>Data entry clerk</td><td>Type: person </td></tr><tr><td colspan=\"3\"/></tr></table></div>"},"extension":[{"url":"http://hl7.org/fhir/5.0/StructureDefinition/extension-ActorDefinition.url","valueUri":"http://smart.who.int/hiv/ActorDefinition/DataEntryClerk"},{"url":"http://hl7.org/fhir/5.0/StructureDefinition/extension-ActorDefinition.version","valueString":"0.4.4"},{"url":"http://hl7.org/fhir/5.0/StructureDefinition/extension-ActorDefinition.name","valueString":"DataEntryClerk"},{"url":"http://hl7.org/fhir/5.0/StructureDefinition/extension-ActorDefinition.title","valueString":"Data entry clerk"},{"url":"http://hl7.org/fhir/5.0/StructureDefinition/extension-ActorDefinition.status","valueCode":"draft"},{"url":"http://hl7.org/fhir/5.0/StructureDefinition/extension-ActorDefinition.experimental","valueBoolean":false},{"url":"http://hl7.org/fhir/5.0/StructureDefinition/extension-ActorDefinition.date","valueDateTime":"2025-07-24T19:25:44+00:00"},{"url":"http://hl7.org/fhir/5.0/StructureDefinition/extension-ActorDefinition.publisher","valueString":"WHO"},{"url":"http://hl7.org/fhir/5.0/StructureDefinition/extension-ActorDefinition.contact","valueContactDetail":{"name":"WHO","telecom":[{"system":"url","value":"http://who.int"}]}},{"url":"http://hl7.org/fhir/5.0/StructureDefinition/extension-ActorDefinition.description","valueMarkdown":"An individual who helps to record, organize, store, compute and retrieve information, including patient records and registers. The knowledge and skills required are usually obtained through on- the-job training but may include post-secondary education. Clerks may also transcribe data, tally data, fill in routine reports and review the quality of data with others."},{"url":"http://hl7.org/fhir/5.0/StructureDefinition/extension-ActorDefinition.jurisdiction"},{"url":"http://hl7.org/fhir/5.0/StructureDefinition/extension-ActorDefinition.type","valueCode":"person"}],"identifier":[{"value":"DataEntryClerk"}],"code":{"coding":[{"system":"http://hl7.org/fhir/fhir-types","code":"ActorDefinition"}]}}