{"resourceType":"ValueSet","id":"HIV.D.DE691","meta":{"profile":["http://hl7.org/fhir/uv/crmi/StructureDefinition/crmi-shareablevalueset","http://hl7.org/fhir/uv/crmi/StructureDefinition/crmi-publishablevalueset","http://hl7.org/fhir/uv/crmi/StructureDefinition/crmi-computablevalueset"]},"text":{"status":"extensions","div":"<div xmlns=\"http://www.w3.org/1999/xhtml\"><p class=\"res-header-id\"><b>Generated Narrative: ValueSet HIV.D.DE691</b></p><a name=\"HIV.D.DE691\"> </a><a name=\"hcHIV.D.DE691\"> </a><div style=\"display: inline-block; background-color: #d9e0e7; padding: 6px; margin: 4px; border: 1px solid #8da1b4; border-radius: 5px; line-height: 60%\"><p style=\"margin-bottom: 0px\"/><p style=\"margin-bottom: 0px\">Profiles: <a href=\"http://hl7.org/fhir/uv/crmi/STU1/StructureDefinition-crmi-shareablevalueset.html\">CRMI Shareable ValueSet</a>, <a href=\"http://hl7.org/fhir/uv/crmi/STU1/StructureDefinition-crmi-publishablevalueset.html\">CRMI Publishable ValueSet</a>, <a href=\"http://hl7.org/fhir/uv/crmi/STU1/StructureDefinition-crmi-computablevalueset.html\">CRMI Computable ValueSet</a></p></div><ul><li>Include these codes as defined in <a href=\"CodeSystem-HIVConcepts.html\"><code>http://smart.who.int/hiv/CodeSystem/HIVConcepts</code></a><table class=\"none\"><tr><td style=\"white-space:nowrap\"><b>Code</b></td><td><b>Display</b></td><td><b>Definition</b></td></tr><tr><td><a href=\"CodeSystem-HIVConcepts.html#HIVConcepts-HIV.46D.46DE692\">HIV.D.DE692</a></td><td>Normal colposcopic findings</td><td>Colposcopy has normal colposcopic findings</td></tr><tr><td><a href=\"CodeSystem-HIVConcepts.html#HIVConcepts-HIV.46D.46DE693\">HIV.D.DE693</a></td><td>Abnormal colposcopic findings</td><td>Colposcopy has abnormal colposcopic findings</td></tr><tr><td><a href=\"CodeSystem-HIVConcepts.html#HIVConcepts-HIV.46D.46DE694\">HIV.D.DE694</a></td><td>Suspicious for invasive cervical cancer</td><td>Colposcopy is suspicious for invasive cervical cancer</td></tr><tr><td><a href=\"CodeSystem-HIVConcepts.html#HIVConcepts-HIV.46D.46DE695\">HIV.D.DE695</a></td><td>Miscellaneous findings</td><td>Colposcopy has miscellaneous findings</td></tr><tr><td><a href=\"CodeSystem-HIVConcepts.html#HIVConcepts-HIV.46D.46DE696\">HIV.D.DE696</a></td><td>Inadequate</td><td>Colposcopy exam is inadequate</td></tr></table></li></ul></div>"},"url":"http://smart.who.int/hiv/ValueSet/HIV.D.DE691","version":"0.4.4","name":"HIVDDE691","title":"Cervical cancer colposcopy result ValueSet","status":"active","experimental":true,"date":"2025-07-24T19:25:44+00:00","publisher":"WHO","contact":[{"name":"WHO","telecom":[{"system":"url","value":"http://who.int"}]}],"description":"Value set of result of cervical cancer colposcopy","compose":{"include":[{"system":"http://smart.who.int/hiv/CodeSystem/HIVConcepts","concept":[{"code":"HIV.D.DE692","display":"Normal colposcopic findings"},{"code":"HIV.D.DE693","display":"Abnormal colposcopic findings"},{"code":"HIV.D.DE694","display":"Suspicious for invasive cervical cancer"},{"code":"HIV.D.DE695","display":"Miscellaneous findings"},{"code":"HIV.D.DE696","display":"Inadequate"}]}]}}