{"resourceType":"ValueSet","id":"HIV.D.DE492","meta":{"profile":["http://hl7.org/fhir/uv/crmi/StructureDefinition/crmi-shareablevalueset","http://hl7.org/fhir/uv/crmi/StructureDefinition/crmi-publishablevalueset","http://hl7.org/fhir/uv/crmi/StructureDefinition/crmi-computablevalueset"]},"text":{"status":"generated","div":"<div xmlns=\"http://www.w3.org/1999/xhtml\"><p class=\"res-header-id\"><b>Generated Narrative: ValueSet HIV.D.DE492</b></p><a name=\"HIV.D.DE492\"> </a><a name=\"hcHIV.D.DE492\"> </a><div style=\"display: inline-block; background-color: #d9e0e7; padding: 6px; margin: 4px; border: 1px solid #8da1b4; border-radius: 5px; line-height: 60%\"><p style=\"margin-bottom: 0px\"/><p style=\"margin-bottom: 0px\">Profiles: <a href=\"http://hl7.org/fhir/uv/crmi/STU1/StructureDefinition-crmi-shareablevalueset.html\">CRMI Shareable ValueSet</a>, <a href=\"http://hl7.org/fhir/uv/crmi/STU1/StructureDefinition-crmi-publishablevalueset.html\">CRMI Publishable ValueSet</a>, <a href=\"http://hl7.org/fhir/uv/crmi/STU1/StructureDefinition-crmi-computablevalueset.html\">CRMI Computable ValueSet</a></p></div><p>This value set includes codes based on the following rules:</p><ul/></div>"},"extension":[{"url":"http://hl7.org/fhir/StructureDefinition/valueset-rules-text","valueMarkdown":"This should be a context-specific list of reason(s) why one ore more drugs in client's third-line ARV drug regimen was changed"}],"url":"http://smart.who.int/hiv/ValueSet/HIV.D.DE492","version":"0.4.4","name":"HIVDDE492","title":"Reason for switch to third-line regimen ValueSet","status":"active","experimental":true,"date":"2025-07-24T19:25:44+00:00","publisher":"WHO","contact":[{"name":"WHO","telecom":[{"system":"url","value":"http://who.int"}]}],"description":"Value set of reason why client was switched from second- to third-line ARV drug regimen (see 'Reason for regimen switch' for levels)"}