{"resourceType":"Measure","id":"HIVIND37","meta":{"profile":["http://hl7.org/fhir/us/cqfmeasures/StructureDefinition/proportion-measure-cqfm","http://hl7.org/fhir/uv/crmi/StructureDefinition/crmi-shareablemeasure","http://hl7.org/fhir/uv/crmi/StructureDefinition/crmi-publishablemeasure"]},"extension":[{"url":"http://hl7.org/fhir/us/cqfmeasures/StructureDefinition/cqfm-populationBasis","valueCode":"boolean"}],"url":"http://smart.who.int/hiv/Measure/HIVIND37","version":"0.4.4","name":"HIVIND37","title":"HIV.IND.37 Viral suppression at labour and delivery","status":"draft","experimental":true,"date":"2024-08-18","publisher":"WHO","contact":[{"name":"WHO","telecom":[{"system":"url","value":"http://who.int"}]}],"description":"% of HIV-positive pregnant women who are virally suppressed at labour and delivery","library":["http://smart.who.int/hiv/Library/HIVIND37Logic"],"scoring":{"coding":[{"system":"http://terminology.hl7.org/CodeSystem/measure-scoring","code":"proportion","display":"Proportion"}]},"group":[{"extension":[{"url":"http://hl7.org/fhir/us/cqfmeasures/StructureDefinition/cqfm-improvementNotation","valueCodeableConcept":{"coding":[{"system":"http://terminology.hl7.org/CodeSystem/measure-improvement-notation","code":"increase"}]}}],"population":[{"id":"HIV.IND.37.IP","code":{"coding":[{"system":"http://terminology.hl7.org/CodeSystem/measure-population","code":"initial-population","display":"Initial Population"}]},"description":"Initial Population","criteria":{"language":"text/cql-identifier","expression":"Initial Population"}},{"id":"HIV.IND.37.DEN","code":{"coding":[{"system":"http://terminology.hl7.org/CodeSystem/measure-population","code":"denominator","display":"Denominator"}]},"description":"Number of HIV-positive pregnant women on ART during pregnancy who deliver at a facility during the reporting period and had a viral load test during delivery, or the estimated total number of pregnant women living with HIV","criteria":{"language":"text/cql-identifier","expression":"Denominator"}},{"id":"HIV.IND.37.NUM","code":{"coding":[{"system":"http://terminology.hl7.org/CodeSystem/measure-population","code":"numerator","display":"Numerator"}]},"description":"Number of HIV-positive pregnant women on ART during pregnancy and delivering at a facility during the reporting period who were virally suppressed (<1000 copies/mL) at delivery","criteria":{"language":"text/cql-identifier","expression":"Numerator"}}],"stratifier":[{"id":"HIV.IND.37.S","criteria":{"language":"text/cql-identifier","expression":"Stratification"}}]}]}