{"resourceType":"Measure","id":"HIVIND55","meta":{"profile":["http://hl7.org/fhir/us/cqfmeasures/StructureDefinition/proportion-measure-cqfm","http://hl7.org/fhir/uv/crmi/StructureDefinition/crmi-shareablemeasure","http://hl7.org/fhir/uv/crmi/StructureDefinition/crmi-publishablemeasure"]},"extension":[{"url":"http://hl7.org/fhir/us/cqfmeasures/StructureDefinition/cqfm-populationBasis","valueCode":"boolean"}],"url":"http://smart.who.int/hiv/Measure/HIVIND55","version":"0.4.4","name":"HIVIND55","title":"HIV.IND.55 Coverage of DSD ART models among people living with HIV on ART","status":"draft","experimental":true,"date":"2024-08-18","publisher":"WHO","contact":[{"name":"WHO","telecom":[{"system":"url","value":"http://who.int"}]}],"description":"% of people living with HIV enrolled in DSD ART models among those eligible for DSD ART (for facilities with electronic HIS) or among people living with HIV On ART (facilities with paper-based systems) during the reporting period","library":["http://smart.who.int/hiv/Library/HIVIND55Logic"],"scoring":{"coding":[{"system":"http://terminology.hl7.org/CodeSystem/measure-scoring","code":"proportion","display":"Proportion"}]},"group":[{"extension":[{"url":"http://hl7.org/fhir/us/cqfmeasures/StructureDefinition/cqfm-improvementNotation","valueCodeableConcept":{"coding":[{"system":"http://terminology.hl7.org/CodeSystem/measure-improvement-notation","code":"increase"}]}}],"population":[{"id":"HIV.IND.55.IP","code":{"coding":[{"system":"http://terminology.hl7.org/CodeSystem/measure-population","code":"initial-population","display":"Initial Population"}]},"description":"Initial Population","criteria":{"language":"text/cql-identifier","expression":"Initial Population"}},{"id":"HIV.IND.55.DEN","code":{"coding":[{"system":"http://terminology.hl7.org/CodeSystem/measure-population","code":"denominator","display":"Denominator"}]},"description":"Facilities with electronic health information systems: Number of people living with HIV on ART eligible for DSD ART models during the reporting period |  | Facilities with paper-based systems: Number of people living with HIV receiving ART at the end of the reporting period","criteria":{"language":"text/cql-identifier","expression":"Denominator"}},{"id":"HIV.IND.55.NUM","code":{"coding":[{"system":"http://terminology.hl7.org/CodeSystem/measure-population","code":"numerator","display":"Numerator"}]},"description":"Number of people living with HIV enrolled in DSD ART models during the reporting period","criteria":{"language":"text/cql-identifier","expression":"Numerator"}}],"stratifier":[{"id":"HIV.IND.55.S","criteria":{"language":"text/cql-identifier","expression":"Stratification"}}]}]}