{"resourceType":"Measure","id":"HIVIND89","meta":{"profile":["http://hl7.org/fhir/us/cqfmeasures/StructureDefinition/proportion-measure-cqfm","http://hl7.org/fhir/uv/crmi/StructureDefinition/crmi-shareablemeasure","http://hl7.org/fhir/uv/crmi/StructureDefinition/crmi-publishablemeasure"]},"extension":[{"url":"http://hl7.org/fhir/us/cqfmeasures/StructureDefinition/cqfm-populationBasis","valueCode":"boolean"}],"url":"http://smart.who.int/hiv/Measure/HIVIND89","version":"0.4.4","name":"HIVIND89","title":"HIV.IND.89 HCV positivity, HIV-positive clients","status":"draft","experimental":true,"date":"2024-08-18","publisher":"WHO","contact":[{"name":"WHO","telecom":[{"system":"url","value":"http://who.int"}]}],"description":"% of people living with HIV with a positive HCV test result (HCV antibody, HCV RNA (PCR) or HCV core antigen) during the reporting period","library":["http://smart.who.int/hiv/Library/HIVIND89Logic"],"scoring":{"coding":[{"system":"http://terminology.hl7.org/CodeSystem/measure-scoring","code":"proportion","display":"Proportion"}]},"group":[{"extension":[{"url":"http://hl7.org/fhir/us/cqfmeasures/StructureDefinition/cqfm-improvementNotation","valueCodeableConcept":{"coding":[{"code":"decrease"}]}}],"population":[{"id":"HIV.IND.89.IP","code":{"coding":[{"system":"http://terminology.hl7.org/CodeSystem/measure-population","code":"initial-population","display":"Initial Population"}]},"description":"Initial Population","criteria":{"language":"text/cql-identifier","expression":"Initial Population"}},{"id":"HIV.IND.89.DEN","code":{"coding":[{"system":"http://terminology.hl7.org/CodeSystem/measure-population","code":"denominator","display":"Denominator"}]},"description":"Number of people living with HIV who were tested for HCV during the reporting period","criteria":{"language":"text/cql-identifier","expression":"Denominator"}},{"id":"HIV.IND.89.NUM","code":{"coding":[{"system":"http://terminology.hl7.org/CodeSystem/measure-population","code":"numerator","display":"Numerator"}]},"description":"Number of people living with HIV newly identified with a positive HCV test (HCV antibody, HCV RNA (PCR) or HCV core antigen) during the reporting period","criteria":{"language":"text/cql-identifier","expression":"Numerator"}}]}]}