{"resourceType":"Measure","id":"HIVIND53","meta":{"profile":["http://hl7.org/fhir/us/cqfmeasures/StructureDefinition/proportion-measure-cqfm","http://hl7.org/fhir/uv/crmi/StructureDefinition/crmi-shareablemeasure","http://hl7.org/fhir/uv/crmi/StructureDefinition/crmi-publishablemeasure"]},"extension":[{"url":"http://hl7.org/fhir/us/cqfmeasures/StructureDefinition/cqfm-populationBasis","valueCode":"boolean"}],"url":"http://smart.who.int/hiv/Measure/HIVIND53","version":"0.4.4","name":"HIVIND53","title":"HIV.IND.53 Multi-month ARV dispensing","status":"draft","experimental":true,"date":"2024-08-18","publisher":"WHO","contact":[{"name":"WHO","telecom":[{"system":"url","value":"http://who.int"}]}],"description":"% of people living with HIV and On ART who are receiving multi-month dispensing of ARV medicine during the reporting period","library":["http://smart.who.int/hiv/Library/HIVIND53Logic"],"scoring":{"coding":[{"system":"http://terminology.hl7.org/CodeSystem/measure-scoring","code":"proportion","display":"Proportion"}]},"group":[{"extension":[{"url":"http://hl7.org/fhir/us/cqfmeasures/StructureDefinition/cqfm-improvementNotation","valueCodeableConcept":{"coding":[{"system":"http://terminology.hl7.org/CodeSystem/measure-improvement-notation","code":"increase"}]}}],"population":[{"id":"HIV.IND.53.IP","code":{"coding":[{"system":"http://terminology.hl7.org/CodeSystem/measure-population","code":"initial-population","display":"Initial Population"}]},"description":"Initial Population","criteria":{"language":"text/cql-identifier","expression":"Initial Population"}},{"id":"HIV.IND.53.DEN","code":{"coding":[{"system":"http://terminology.hl7.org/CodeSystem/measure-population","code":"denominator","display":"Denominator"}]},"description":"Number of people living with HIV and On ART","criteria":{"language":"text/cql-identifier","expression":"Denominator"}},{"id":"HIV.IND.53.NUM","code":{"coding":[{"system":"http://terminology.hl7.org/CodeSystem/measure-population","code":"numerator","display":"Numerator"}]},"description":"Number of people living with HIV and On ART who received 3-5 or >6 months of ARV medicine at their most recent ARV medicine pick-up. |  | (The number receiving <3 months of ARV supply is also collected, for validation purposes.) |  | If countries cannot report on the number of months of ARV medicine dispensed by the disaggregations described above, they could, as an alternative, report the total number of people currently on ARV therapy and receiving ≥3 months of ARV medicine at their last medicine pick-up.","criteria":{"language":"text/cql-identifier","expression":"Numerator"}}],"stratifier":[{"id":"HIV.IND.53.S","criteria":{"language":"text/cql-identifier","expression":"Stratification"}}]}]}