{"resourceType":"PlanDefinition","id":"HIVD4DT","meta":{"profile":["http://hl7.org/fhir/uv/cpg/StructureDefinition/cpg-recommendationdefinition","http://hl7.org/fhir/uv/crmi/StructureDefinition/crmi-shareableplandefinition","http://hl7.org/fhir/uv/crmi/StructureDefinition/crmi-publishableplandefinition"]},"extension":[{"url":"http://hl7.org/fhir/StructureDefinition/cqf-knowledgeCapability","valueCode":"computable"}],"url":"http://smart.who.int/hiv/PlanDefinition/HIVD4DT","version":"0.4.4","name":"HIVD4DT","title":"HIV.D4.DT TB Screening Decision Tables","type":{"coding":[{"system":"http://terminology.hl7.org/CodeSystem/plan-definition-type","code":"eca-rule"}]},"status":"draft","experimental":true,"date":"2025-07-24T19:46:28+00:00","publisher":"WHO","contact":[{"name":"WHO","telecom":[{"system":"url","value":"http://who.int"}]}],"description":"Screen for TB using one of three algorithms","relatedArtifact":[{"type":"citation","citation":"Consolidated Guidelines on HIV Testing Services (2019)"}],"library":["http://smart.who.int/hiv/Library/HIVD4DTLogic"],"action":[{"textEquivalent":"Outcome of TB screening","definitionCanonical":"http://smart.who.int/hiv/ActivityDefinition/HIVGuidanceCommunicationRequestActivity","dynamicValue":[{"path":"payload[+].contentString","expression":{"language":"text/cql-identifier","expression":"Guidance"}}]}]}