{"resourceType":"Basic","id":"HIV.H.Followingupandcontactingclients","text":{"status":"generated","div":"<div xmlns=\"http://www.w3.org/1999/xhtml\"><p class=\"res-header-id\"><b>Generated Narrative: Requirements HIV.H.Followingupandcontactingclients</b></p><a name=\"HIV.H.Followingupandcontactingclients\"> </a><a name=\"hcHIV.H.Followingupandcontactingclients\"> </a><table class=\"grid\"><tr><td><b><a name=\"HIV.FXNREQ.047\"> </a></b>HIV.FXNREQ.047</td><td/><td><div><p>As a Health worker or data entry clerk\nI want to provide a list of scheduled contact dates to allow for defaulters to be traced\nSo that I can track and follow-up clients requiring services</p>\n</div></td></tr><tr><td><b><a name=\"HIV.FXNREQ.048\"> </a></b>HIV.FXNREQ.048</td><td/><td><div><p>As a Facility or community staff member\nI want to be able to identify clients who tested positive for HIV but have not linked to care\nSo that I can follow up with clients who have not initiated care or may not have received confirmatory testing.</p>\n</div></td></tr><tr><td><b><a name=\"HIV.FXNREQ.049\"> </a></b>HIV.FXNREQ.049</td><td/><td><div><p>As a Facility or community staff member\nI want to record when a client who self-reported as transferring is confirmed to have transferred\nSo that I can better identify patients that are truly lost to follow-up.</p>\n</div></td></tr></table></div>"},"extension":[{"url":"http://hl7.org/fhir/5.0/StructureDefinition/extension-Requirements.url","valueUri":"http://smart.who.int/hiv/Requirements/HIV.H.Followingupandcontactingclients"},{"url":"http://hl7.org/fhir/5.0/StructureDefinition/extension-Requirements.version","valueString":"0.4.4"},{"url":"http://hl7.org/fhir/5.0/StructureDefinition/extension-Requirements.status","valueCode":"active"},{"url":"http://hl7.org/fhir/5.0/StructureDefinition/extension-Requirements.date","valueDateTime":"2025-07-24T19:46:28+00:00"},{"url":"http://hl7.org/fhir/5.0/StructureDefinition/extension-Requirements.publisher","valueString":"WHO"},{"url":"http://hl7.org/fhir/5.0/StructureDefinition/extension-Requirements.contact","valueContactDetail":{"name":"WHO","telecom":[{"system":"url","value":"http://who.int"}]}},{"url":"http://hl7.org/fhir/5.0/StructureDefinition/extension-Requirements.jurisdiction"},{"extension":[{"url":"http://hl7.org/fhir/5.0/StructureDefinition/extension-Requirements.statement.key","valueId":"HIV.FXNREQ.047"},{"url":"http://hl7.org/fhir/5.0/StructureDefinition/extension-Requirements.statement.requirement","valueMarkdown":"As a Health worker or data entry clerk\nI want to provide a list of scheduled contact dates to allow for defaulters to be traced\nSo that I can track and follow-up clients requiring services"}],"url":"http://hl7.org/fhir/5.0/StructureDefinition/extension-Requirements.statement"},{"extension":[{"url":"http://hl7.org/fhir/5.0/StructureDefinition/extension-Requirements.statement.key","valueId":"HIV.FXNREQ.048"},{"url":"http://hl7.org/fhir/5.0/StructureDefinition/extension-Requirements.statement.requirement","valueMarkdown":"As a Facility or community staff member\nI want to be able to identify clients who tested positive for HIV but have not linked to care\nSo that I can follow up with clients who have not initiated care or may not have received confirmatory testing."}],"url":"http://hl7.org/fhir/5.0/StructureDefinition/extension-Requirements.statement"},{"extension":[{"url":"http://hl7.org/fhir/5.0/StructureDefinition/extension-Requirements.statement.key","valueId":"HIV.FXNREQ.049"},{"url":"http://hl7.org/fhir/5.0/StructureDefinition/extension-Requirements.statement.requirement","valueMarkdown":"As a Facility or community staff member\nI want to record when a client who self-reported as transferring is confirmed to have transferred\nSo that I can better identify patients that are truly lost to follow-up."}],"url":"http://hl7.org/fhir/5.0/StructureDefinition/extension-Requirements.statement"}],"code":{"coding":[{"system":"http://hl7.org/fhir/fhir-types","code":"Requirements"}]}}