{"resourceType":"Basic","id":"HIV.C.PrEPvisit","text":{"status":"generated","div":"<div xmlns=\"http://www.w3.org/1999/xhtml\"><p class=\"res-header-id\"><b>Generated Narrative: Requirements HIV.C.PrEPvisit</b></p><a name=\"HIV.C.PrEPvisit\"> </a><a name=\"hcHIV.C.PrEPvisit\"> </a><table class=\"grid\"><tr><td><b><a name=\"HIV.FXNREQ.035\"> </a></b>HIV.FXNREQ.035</td><td/><td><div><p>As a Health worker\nI want to be prompted to ask about conditions which would exclude a client from certain services\nSo that clients are not provided with services that may not be safe for them</p>\n</div></td></tr><tr><td><b><a name=\"HIV.FXNREQ.036\"> </a></b>HIV.FXNREQ.036</td><td/><td><div><p>As a Health worker\nI want to log the reason a client is not medically eligible for a method\nSo that the next provider has this information, client safety is better protected, and on a future visit it is easier to check whether a client is now eligible</p>\n</div></td></tr><tr><td><b><a name=\"HIV.FXNREQ.037\"> </a></b>HIV.FXNREQ.037</td><td/><td><div><p>As a Health worker\nI want to be alerted if a client was previously not eligible for a method\nSo that I do not have to search through records, given I have limited time</p>\n</div></td></tr><tr><td><b><a name=\"HIV.FXNREQ.038\"> </a></b>HIV.FXNREQ.038</td><td/><td><div><p>As a Health worker\nI want to have flexibility to perform screenings and clinical activities based on my clinical judgment\nSo that I can screen clients for recommended, desirable or other tests in an efficient way</p>\n</div></td></tr><tr><td><b><a name=\"HIV.FXNREQ.039\"> </a></b>HIV.FXNREQ.039</td><td/><td><div><p>As a Health worker\nI want to be able to input  custom schedules to allow for contacts on specific days and times, account for holidays, etc\nSo that I can inform the client of their next contact</p>\n</div></td></tr></table></div>"},"extension":[{"url":"http://hl7.org/fhir/5.0/StructureDefinition/extension-Requirements.url","valueUri":"http://smart.who.int/hiv/Requirements/HIV.C.PrEPvisit"},{"url":"http://hl7.org/fhir/5.0/StructureDefinition/extension-Requirements.version","valueString":"0.4.4"},{"url":"http://hl7.org/fhir/5.0/StructureDefinition/extension-Requirements.status","valueCode":"active"},{"url":"http://hl7.org/fhir/5.0/StructureDefinition/extension-Requirements.date","valueDateTime":"2025-07-24T19:46:28+00:00"},{"url":"http://hl7.org/fhir/5.0/StructureDefinition/extension-Requirements.publisher","valueString":"WHO"},{"url":"http://hl7.org/fhir/5.0/StructureDefinition/extension-Requirements.contact","valueContactDetail":{"name":"WHO","telecom":[{"system":"url","value":"http://who.int"}]}},{"url":"http://hl7.org/fhir/5.0/StructureDefinition/extension-Requirements.jurisdiction"},{"extension":[{"url":"http://hl7.org/fhir/5.0/StructureDefinition/extension-Requirements.statement.key","valueId":"HIV.FXNREQ.035"},{"url":"http://hl7.org/fhir/5.0/StructureDefinition/extension-Requirements.statement.requirement","valueMarkdown":"As a Health worker\nI want to be prompted to ask about conditions which would exclude a client from certain services\nSo that clients are not provided with services that may not be safe for them"}],"url":"http://hl7.org/fhir/5.0/StructureDefinition/extension-Requirements.statement"},{"extension":[{"url":"http://hl7.org/fhir/5.0/StructureDefinition/extension-Requirements.statement.key","valueId":"HIV.FXNREQ.036"},{"url":"http://hl7.org/fhir/5.0/StructureDefinition/extension-Requirements.statement.requirement","valueMarkdown":"As a Health worker\nI want to log the reason a client is not medically eligible for a method\nSo that the next provider has this information, client safety is better protected, and on a future visit it is easier to check whether a client is now eligible"}],"url":"http://hl7.org/fhir/5.0/StructureDefinition/extension-Requirements.statement"},{"extension":[{"url":"http://hl7.org/fhir/5.0/StructureDefinition/extension-Requirements.statement.key","valueId":"HIV.FXNREQ.037"},{"url":"http://hl7.org/fhir/5.0/StructureDefinition/extension-Requirements.statement.requirement","valueMarkdown":"As a Health worker\nI want to be alerted if a client was previously not eligible for a method\nSo that I do not have to search through records, given I have limited time"}],"url":"http://hl7.org/fhir/5.0/StructureDefinition/extension-Requirements.statement"},{"extension":[{"url":"http://hl7.org/fhir/5.0/StructureDefinition/extension-Requirements.statement.key","valueId":"HIV.FXNREQ.038"},{"url":"http://hl7.org/fhir/5.0/StructureDefinition/extension-Requirements.statement.requirement","valueMarkdown":"As a Health worker\nI want to have flexibility to perform screenings and clinical activities based on my clinical judgment\nSo that I can screen clients for recommended, desirable or other tests in an efficient way"}],"url":"http://hl7.org/fhir/5.0/StructureDefinition/extension-Requirements.statement"},{"extension":[{"url":"http://hl7.org/fhir/5.0/StructureDefinition/extension-Requirements.statement.key","valueId":"HIV.FXNREQ.039"},{"url":"http://hl7.org/fhir/5.0/StructureDefinition/extension-Requirements.statement.requirement","valueMarkdown":"As a Health worker\nI want to be able to input  custom schedules to allow for contacts on specific days and times, account for holidays, etc\nSo that I can inform the client of their next contact"}],"url":"http://hl7.org/fhir/5.0/StructureDefinition/extension-Requirements.statement"}],"code":{"coding":[{"system":"http://hl7.org/fhir/fhir-types","code":"Requirements"}]}}