{"resourceType":"ValueSet","id":"HIV.H.DE74","meta":{"profile":["http://hl7.org/fhir/uv/crmi/StructureDefinition/crmi-shareablevalueset","http://hl7.org/fhir/uv/crmi/StructureDefinition/crmi-publishablevalueset","http://hl7.org/fhir/uv/crmi/StructureDefinition/crmi-computablevalueset"]},"text":{"status":"extensions","div":"<div xmlns=\"http://www.w3.org/1999/xhtml\"><p class=\"res-header-id\"><b>Generated Narrative: ValueSet HIV.H.DE74</b></p><a name=\"HIV.H.DE74\"> </a><a name=\"hcHIV.H.DE74\"> </a><div style=\"display: inline-block; background-color: #d9e0e7; padding: 6px; margin: 4px; border: 1px solid #8da1b4; border-radius: 5px; line-height: 60%\"><p style=\"margin-bottom: 0px\"/><p style=\"margin-bottom: 0px\">Profiles: <a href=\"http://hl7.org/fhir/uv/crmi/STU1/StructureDefinition-crmi-shareablevalueset.html\">CRMI Shareable ValueSet</a>, <a href=\"http://hl7.org/fhir/uv/crmi/STU1/StructureDefinition-crmi-publishablevalueset.html\">CRMI Publishable ValueSet</a>, <a href=\"http://hl7.org/fhir/uv/crmi/STU1/StructureDefinition-crmi-computablevalueset.html\">CRMI Computable ValueSet</a></p></div><ul><li>Include these codes as defined in <a href=\"CodeSystem-HIVConcepts.html\"><code>http://smart.who.int/hiv/CodeSystem/HIVConcepts</code></a><table class=\"none\"><tr><td style=\"white-space:nowrap\"><b>Code</b></td><td><b>Display</b></td><td><b>Definition</b></td></tr><tr><td><a href=\"CodeSystem-HIVConcepts.html#HIVConcepts-HIV.46H.46DE75\">HIV.H.DE75</a></td><td>Toxicity/side effects</td><td>Client stopped ART because of toxicity/side effects</td></tr><tr><td><a href=\"CodeSystem-HIVConcepts.html#HIVConcepts-HIV.46H.46DE76\">HIV.H.DE76</a></td><td>Severe illness, hospitalization</td><td>Client stopped ART because of severe illness, hospitalization</td></tr><tr><td><a href=\"CodeSystem-HIVConcepts.html#HIVConcepts-HIV.46H.46DE77\">HIV.H.DE77</a></td><td>Drugs out of stock</td><td>Client stopped ART because of drugs being out of stock</td></tr><tr><td><a href=\"CodeSystem-HIVConcepts.html#HIVConcepts-HIV.46H.46DE78\">HIV.H.DE78</a></td><td>Client lacks finances</td><td>Client stopped ART because client lacked finances</td></tr><tr><td><a href=\"CodeSystem-HIVConcepts.html#HIVConcepts-HIV.46H.46DE79\">HIV.H.DE79</a></td><td>Excluded HIV infection in infant</td><td>Client stopped ART because the infant was determined to not have HIV</td></tr><tr><td><a href=\"CodeSystem-HIVConcepts.html#HIVConcepts-HIV.46H.46DE80\">HIV.H.DE80</a></td><td>Other reason for stopping ART</td><td>Client stopped ART for other reason</td></tr></table></li></ul></div>"},"url":"http://smart.who.int/hiv/ValueSet/HIV.H.DE74","version":"0.4.4","name":"HIVHDE74","title":"Reason ART stopped ValueSet","status":"active","experimental":true,"date":"2025-07-24T19:46:28+00:00","publisher":"WHO","contact":[{"name":"WHO","telecom":[{"system":"url","value":"http://who.int"}]}],"description":"Value set of reason why client intentionally stopped ART","compose":{"include":[{"system":"http://smart.who.int/hiv/CodeSystem/HIVConcepts","concept":[{"code":"HIV.H.DE75","display":"Toxicity/side effects"},{"code":"HIV.H.DE76","display":"Severe illness, hospitalization"},{"code":"HIV.H.DE77","display":"Drugs out of stock"},{"code":"HIV.H.DE78","display":"Client lacks finances"},{"code":"HIV.H.DE79","display":"Excluded HIV infection in infant"},{"code":"HIV.H.DE80","display":"Other reason for stopping ART"}]}]}}