{"resourceType":"ValueSet","id":"HIV.B.DE191","meta":{"profile":["http://hl7.org/fhir/uv/crmi/StructureDefinition/crmi-shareablevalueset","http://hl7.org/fhir/uv/crmi/StructureDefinition/crmi-publishablevalueset","http://hl7.org/fhir/uv/crmi/StructureDefinition/crmi-computablevalueset"]},"text":{"status":"extensions","div":"<div xmlns=\"http://www.w3.org/1999/xhtml\"><p class=\"res-header-id\"><b>Generated Narrative: ValueSet HIV.B.DE191</b></p><a name=\"HIV.B.DE191\"> </a><a name=\"hcHIV.B.DE191\"> </a><div style=\"display: inline-block; background-color: #d9e0e7; padding: 6px; margin: 4px; border: 1px solid #8da1b4; border-radius: 5px; line-height: 60%\"><p style=\"margin-bottom: 0px\"/><p style=\"margin-bottom: 0px\">Profiles: <a href=\"http://hl7.org/fhir/uv/crmi/STU1/StructureDefinition-crmi-shareablevalueset.html\">CRMI Shareable ValueSet</a>, <a href=\"http://hl7.org/fhir/uv/crmi/STU1/StructureDefinition-crmi-publishablevalueset.html\">CRMI Publishable ValueSet</a>, <a href=\"http://hl7.org/fhir/uv/crmi/STU1/StructureDefinition-crmi-computablevalueset.html\">CRMI Computable ValueSet</a></p></div><ul><li>Include these codes as defined in <a href=\"CodeSystem-HIVConcepts.html\"><code>http://smart.who.int/hiv/CodeSystem/HIVConcepts</code></a><table class=\"none\"><tr><td style=\"white-space:nowrap\"><b>Code</b></td><td><b>Display</b></td><td><b>Definition</b></td></tr><tr><td><a href=\"CodeSystem-HIVConcepts.html#HIVConcepts-HIV.46B.46DE192\">HIV.B.DE192</a></td><td>Retesting for HIV</td><td>Retesting follow-up appointment</td></tr><tr><td><a href=\"CodeSystem-HIVConcepts.html#HIVConcepts-HIV.46B.46DE193\">HIV.B.DE193</a></td><td>Other</td><td>Other reason for the follow-up appointment</td></tr></table></li></ul></div>"},"url":"http://smart.who.int/hiv/ValueSet/HIV.B.DE191","version":"0.4.4","name":"HIVBDE191","title":"Type of follow-up appointment ValueSet","status":"active","experimental":true,"date":"2025-07-24T19:46:28+00:00","publisher":"WHO","contact":[{"name":"WHO","telecom":[{"system":"url","value":"http://who.int"}]}],"description":"Value set of type of follow-up appointment for testing services","compose":{"include":[{"system":"http://smart.who.int/hiv/CodeSystem/HIVConcepts","concept":[{"code":"HIV.B.DE192","display":"Retesting for HIV"},{"code":"HIV.B.DE193","display":"Other"}]}]}}