{"resourceType":"ValueSet","id":"HIV.D.DE569","meta":{"profile":["http://hl7.org/fhir/uv/crmi/StructureDefinition/crmi-shareablevalueset","http://hl7.org/fhir/uv/crmi/StructureDefinition/crmi-publishablevalueset","http://hl7.org/fhir/uv/crmi/StructureDefinition/crmi-computablevalueset"]},"text":{"status":"extensions","div":"<div xmlns=\"http://www.w3.org/1999/xhtml\"><p class=\"res-header-id\"><b>Generated Narrative: ValueSet HIV.D.DE569</b></p><a name=\"HIV.D.DE569\"> </a><a name=\"hcHIV.D.DE569\"> </a><div style=\"display: inline-block; background-color: #d9e0e7; padding: 6px; margin: 4px; border: 1px solid #8da1b4; border-radius: 5px; line-height: 60%\"><p style=\"margin-bottom: 0px\"/><p style=\"margin-bottom: 0px\">Profiles: <a href=\"http://hl7.org/fhir/uv/crmi/STU1/StructureDefinition-crmi-shareablevalueset.html\">CRMI Shareable ValueSet</a>, <a href=\"http://hl7.org/fhir/uv/crmi/STU1/StructureDefinition-crmi-publishablevalueset.html\">CRMI Publishable ValueSet</a>, <a href=\"http://hl7.org/fhir/uv/crmi/STU1/StructureDefinition-crmi-computablevalueset.html\">CRMI Computable ValueSet</a></p></div><ul><li>Include these codes as defined in <a href=\"CodeSystem-HIVConcepts.html\"><code>http://smart.who.int/hiv/CodeSystem/HIVConcepts</code></a><table class=\"none\"><tr><td style=\"white-space:nowrap\"><b>Code</b></td><td><b>Display</b></td><td><b>Definition</b></td></tr><tr><td><a href=\"CodeSystem-HIVConcepts.html#HIVConcepts-HIV.46D.46DE570\">HIV.D.DE570</a></td><td>Copper-bearing intrauterine device (Cu-IUD)</td><td>A copper-bearing intrauterine device is being used as a family planning method</td></tr><tr><td><a href=\"CodeSystem-HIVConcepts.html#HIVConcepts-HIV.46D.46DE571\">HIV.D.DE571</a></td><td>Levonorgestrel intrauterine device (LNG-IUD)</td><td>A levonorgestrel intrauterine device (hormone-releasing intrauterine contraceptive device) is being used as a family planning method</td></tr><tr><td><a href=\"CodeSystem-HIVConcepts.html#HIVConcepts-HIV.46D.46DE572\">HIV.D.DE572</a></td><td>Etonogestrel (ETG) one-rod implant</td><td>An etonogestrel one-rod implant is being used</td></tr><tr><td><a href=\"CodeSystem-HIVConcepts.html#HIVConcepts-HIV.46D.46DE573\">HIV.D.DE573</a></td><td>Levonorgestrel (LNG) two-rod implant</td><td>A levonorgestrel two-rod implant is being used as a family planning method</td></tr><tr><td><a href=\"CodeSystem-HIVConcepts.html#HIVConcepts-HIV.46D.46DE574\">HIV.D.DE574</a></td><td>DMPA-IM</td><td>Injectable depot medroxyprogesterone acetate (DMPA), administered intramuscularly, is being used as a family planning method</td></tr><tr><td><a href=\"CodeSystem-HIVConcepts.html#HIVConcepts-HIV.46D.46DE575\">HIV.D.DE575</a></td><td>DMPA-SC</td><td>Injectable depot medroxyprogesterone acetate (DMPA), administered subcutaneously is being used</td></tr><tr><td><a href=\"CodeSystem-HIVConcepts.html#HIVConcepts-HIV.46D.46DE576\">HIV.D.DE576</a></td><td>NET-EN norethisterone enanthate</td><td>Injectable norethisterone enanthate (NET-EN) is being used as a family planning method</td></tr><tr><td><a href=\"CodeSystem-HIVConcepts.html#HIVConcepts-HIV.46D.46DE577\">HIV.D.DE577</a></td><td>Progestogen-only pills (POP)</td><td>Progestogen-only pills (POP) are being used as a family planning method</td></tr><tr><td><a href=\"CodeSystem-HIVConcepts.html#HIVConcepts-HIV.46D.46DE578\">HIV.D.DE578</a></td><td>Combined oral contraceptives (COCs)</td><td>Combined oral contraceptives (COCs) pills are being used as a family planning method</td></tr><tr><td><a href=\"CodeSystem-HIVConcepts.html#HIVConcepts-HIV.46D.46DE579\">HIV.D.DE579</a></td><td>Combined contraceptive patch</td><td>Transdermal combined contraceptive patch is being used as a family planning method</td></tr><tr><td><a href=\"CodeSystem-HIVConcepts.html#HIVConcepts-HIV.46D.46DE580\">HIV.D.DE580</a></td><td>Combined contraceptive vaginal ring (CVR)</td><td>Combined contraceptive vaginal ring (CVR) is being used as a family planning method</td></tr><tr><td><a href=\"CodeSystem-HIVConcepts.html#HIVConcepts-HIV.46D.46DE581\">HIV.D.DE581</a></td><td>Progesterone-releasing vaginal ring (PVR)</td><td>Progesterone-releasing vaginal ring (PVR) is being used as a family planning method</td></tr><tr><td><a href=\"CodeSystem-HIVConcepts.html#HIVConcepts-HIV.46D.46DE582\">HIV.D.DE582</a></td><td>Lactational amenorrhea method (LAM)</td><td>Lactational amenorrhea method (LAM) is being used as a family planning method</td></tr><tr><td><a href=\"CodeSystem-HIVConcepts.html#HIVConcepts-HIV.46D.46DE583\">HIV.D.DE583</a></td><td>Emergency contraceptive pills (ECPs)</td><td>Client uses emergency contraceptive pills (ECPs)</td></tr><tr><td><a href=\"CodeSystem-HIVConcepts.html#HIVConcepts-HIV.46D.46DE584\">HIV.D.DE584</a></td><td>Fertility awareness-based methods (FAB)</td><td>Client uses fertility awareness-based methods (FAB)</td></tr><tr><td><a href=\"CodeSystem-HIVConcepts.html#HIVConcepts-HIV.46D.46DE585\">HIV.D.DE585</a></td><td>Male condoms</td><td>Male condoms are being used as a family planning method</td></tr><tr><td><a href=\"CodeSystem-HIVConcepts.html#HIVConcepts-HIV.46D.46DE586\">HIV.D.DE586</a></td><td>Female condoms</td><td>Female condoms are being used as a family planning method</td></tr><tr><td><a href=\"CodeSystem-HIVConcepts.html#HIVConcepts-HIV.46D.46DE587\">HIV.D.DE587</a></td><td>Withdrawal</td><td>Client uses withdrawal method</td></tr><tr><td><a href=\"CodeSystem-HIVConcepts.html#HIVConcepts-HIV.46D.46DE588\">HIV.D.DE588</a></td><td>Female relying on male method</td><td>The female client is relying on her male partner for contraceptive methods (e.g. male condoms, male sterilization, withdrawal)</td></tr><tr><td><a href=\"CodeSystem-HIVConcepts.html#HIVConcepts-HIV.46D.46DE589\">HIV.D.DE589</a></td><td>Male relying on female method</td><td>The male client is relying on his female partner for contraceptive methods</td></tr><tr><td><a href=\"CodeSystem-HIVConcepts.html#HIVConcepts-HIV.46D.46DE590\">HIV.D.DE590</a></td><td>Male sterilization</td><td>Male surgical sterilization (a vasectomy) is the family planning method used</td></tr><tr><td><a href=\"CodeSystem-HIVConcepts.html#HIVConcepts-HIV.46D.46DE591\">HIV.D.DE591</a></td><td>Female sterilization</td><td>Female surgical sterilization procedure is the family planning method used</td></tr><tr><td><a href=\"CodeSystem-HIVConcepts.html#HIVConcepts-HIV.46D.46DE592\">HIV.D.DE592</a></td><td>No method</td><td>Client is not using any family planning methods</td></tr></table></li></ul></div>"},"url":"http://smart.who.int/hiv/ValueSet/HIV.D.DE569","version":"0.4.4","name":"HIVDDE569","title":"Family planning method used ValueSet","status":"active","experimental":true,"date":"2025-07-24T19:46:28+00:00","publisher":"WHO","contact":[{"name":"WHO","telecom":[{"system":"url","value":"http://who.int"}]}],"description":"Value set of method the client reports currently using at intake","compose":{"include":[{"system":"http://smart.who.int/hiv/CodeSystem/HIVConcepts","concept":[{"code":"HIV.D.DE570","display":"Copper-bearing intrauterine device (Cu-IUD)"},{"code":"HIV.D.DE571","display":"Levonorgestrel intrauterine device (LNG-IUD)"},{"code":"HIV.D.DE572","display":"Etonogestrel (ETG) one-rod implant"},{"code":"HIV.D.DE573","display":"Levonorgestrel (LNG) two-rod implant"},{"code":"HIV.D.DE574","display":"DMPA-IM"},{"code":"HIV.D.DE575","display":"DMPA-SC"},{"code":"HIV.D.DE576","display":"NET-EN norethisterone enanthate"},{"code":"HIV.D.DE577","display":"Progestogen-only pills (POP)"},{"code":"HIV.D.DE578","display":"Combined oral contraceptives (COCs)"},{"code":"HIV.D.DE579","display":"Combined contraceptive patch"},{"code":"HIV.D.DE580","display":"Combined contraceptive vaginal ring (CVR)"},{"code":"HIV.D.DE581","display":"Progesterone-releasing vaginal ring (PVR)"},{"code":"HIV.D.DE582","display":"Lactational amenorrhea method (LAM)"},{"code":"HIV.D.DE583","display":"Emergency contraceptive pills (ECPs)"},{"code":"HIV.D.DE584","display":"Fertility awareness-based methods (FAB)"},{"code":"HIV.D.DE585","display":"Male condoms"},{"code":"HIV.D.DE586","display":"Female condoms"},{"code":"HIV.D.DE587","display":"Withdrawal"},{"code":"HIV.D.DE588","display":"Female relying on male method"},{"code":"HIV.D.DE589","display":"Male relying on female method"},{"code":"HIV.D.DE590","display":"Male sterilization"},{"code":"HIV.D.DE591","display":"Female sterilization"},{"code":"HIV.D.DE592","display":"No method"}]}]}}