{"resourceType":"ValueSet","id":"HIV.C.DE131","meta":{"profile":["http://hl7.org/fhir/uv/crmi/StructureDefinition/crmi-shareablevalueset","http://hl7.org/fhir/uv/crmi/StructureDefinition/crmi-publishablevalueset","http://hl7.org/fhir/uv/crmi/StructureDefinition/crmi-computablevalueset"]},"text":{"status":"extensions","div":"<div xmlns=\"http://www.w3.org/1999/xhtml\"><p class=\"res-header-id\"><b>Generated Narrative: ValueSet HIV.C.DE131</b></p><a name=\"HIV.C.DE131\"> </a><a name=\"hcHIV.C.DE131\"> </a><div style=\"display: inline-block; background-color: #d9e0e7; padding: 6px; margin: 4px; border: 1px solid #8da1b4; border-radius: 5px; line-height: 60%\"><p style=\"margin-bottom: 0px\"/><p style=\"margin-bottom: 0px\">Profiles: <a href=\"http://hl7.org/fhir/uv/crmi/STU1/StructureDefinition-crmi-shareablevalueset.html\">CRMI Shareable ValueSet</a>, <a href=\"http://hl7.org/fhir/uv/crmi/STU1/StructureDefinition-crmi-publishablevalueset.html\">CRMI Publishable ValueSet</a>, <a href=\"http://hl7.org/fhir/uv/crmi/STU1/StructureDefinition-crmi-computablevalueset.html\">CRMI Computable ValueSet</a></p></div><ul><li>Include these codes as defined in <a href=\"CodeSystem-HIVConcepts.html\"><code>http://smart.who.int/hiv/CodeSystem/HIVConcepts</code></a><table class=\"none\"><tr><td style=\"white-space:nowrap\"><b>Code</b></td><td><b>Display</b></td><td><b>Definition</b></td></tr><tr><td><a href=\"CodeSystem-HIVConcepts.html#HIVConcepts-HIV.46C.46DE132\">HIV.C.DE132</a></td><td>Male and female condoms and condom-compatible lubricants offered</td><td>Offer male and female condoms and condom-compatible lubricants</td></tr><tr><td><a href=\"CodeSystem-HIVConcepts.html#HIVConcepts-HIV.46C.46DE133\">HIV.C.DE133</a></td><td>Voluntary medical male circumcision (VMMC) referral</td><td>Offer referral for VMMC services</td></tr><tr><td><a href=\"CodeSystem-HIVConcepts.html#HIVConcepts-HIV.46C.46DE134\">HIV.C.DE134</a></td><td>Harm reduction for people who inject drugs</td><td>Offer or refer to harm reduction for people who inject drugs (needle and syringe programmes, opioid substitution therapy, other drug-dependence treatment and opioid overdose prevention and management) services</td></tr><tr><td><a href=\"CodeSystem-HIVConcepts.html#HIVConcepts-HIV.46C.46DE135\">HIV.C.DE135</a></td><td>Behavioural interventions to support risk reduction</td><td>Offer or refer to services for behavioural interventions to support risk reduction, particularly for people with HIV and members of key populations</td></tr></table></li></ul></div>"},"url":"http://smart.who.int/hiv/ValueSet/HIV.C.DE131","version":"0.4.4","name":"HIVCDE131","title":"Prevention services offered and referrals ValueSet","status":"active","experimental":true,"date":"2025-07-24T19:46:28+00:00","publisher":"WHO","contact":[{"name":"WHO","telecom":[{"system":"url","value":"http://who.int"}]}],"description":"Value set of offer or refer to prevention services","compose":{"include":[{"system":"http://smart.who.int/hiv/CodeSystem/HIVConcepts","concept":[{"code":"HIV.C.DE132","display":"Male and female condoms and condom-compatible lubricants offered"},{"code":"HIV.C.DE133","display":"Voluntary medical male circumcision (VMMC) referral"},{"code":"HIV.C.DE134","display":"Harm reduction for people who inject drugs"},{"code":"HIV.C.DE135","display":"Behavioural interventions to support risk reduction"}]}]}}