{"resourceType":"ValueSet","id":"HIV.D.DE358","meta":{"profile":["http://hl7.org/fhir/uv/crmi/StructureDefinition/crmi-shareablevalueset","http://hl7.org/fhir/uv/crmi/StructureDefinition/crmi-publishablevalueset","http://hl7.org/fhir/uv/crmi/StructureDefinition/crmi-computablevalueset"]},"text":{"status":"extensions","div":"<div xmlns=\"http://www.w3.org/1999/xhtml\"><p class=\"res-header-id\"><b>Generated Narrative: ValueSet HIV.D.DE358</b></p><a name=\"HIV.D.DE358\"> </a><a name=\"hcHIV.D.DE358\"> </a><div style=\"display: inline-block; background-color: #d9e0e7; padding: 6px; margin: 4px; border: 1px solid #8da1b4; border-radius: 5px; line-height: 60%\"><p style=\"margin-bottom: 0px\"/><p style=\"margin-bottom: 0px\">Profiles: <a href=\"http://hl7.org/fhir/uv/crmi/STU1/StructureDefinition-crmi-shareablevalueset.html\">CRMI Shareable ValueSet</a>, <a href=\"http://hl7.org/fhir/uv/crmi/STU1/StructureDefinition-crmi-publishablevalueset.html\">CRMI Publishable ValueSet</a>, <a href=\"http://hl7.org/fhir/uv/crmi/STU1/StructureDefinition-crmi-computablevalueset.html\">CRMI Computable ValueSet</a></p></div><ul><li>Include these codes as defined in <a href=\"CodeSystem-HIVConcepts.html\"><code>http://smart.who.int/hiv/CodeSystem/HIVConcepts</code></a><table class=\"none\"><tr><td style=\"white-space:nowrap\"><b>Code</b></td><td><b>Display</b></td><td><b>Definition</b></td></tr><tr><td><a href=\"CodeSystem-HIVConcepts.html#HIVConcepts-HIV.46D.46DE359\">HIV.D.DE359</a></td><td>WHO clinical stage 1</td><td>Client is assessed to be at a clinical stage of 1 at the time of starting ART, based on clinical assessment and diagnostics</td></tr><tr><td><a href=\"CodeSystem-HIVConcepts.html#HIVConcepts-HIV.46D.46DE360\">HIV.D.DE360</a></td><td>WHO clinical stage 2</td><td>Client is assessed to be at a clinical stage of 2 at the time of starting ART, based on clinical assessment and diagnostics</td></tr><tr><td><a href=\"CodeSystem-HIVConcepts.html#HIVConcepts-HIV.46D.46DE361\">HIV.D.DE361</a></td><td>WHO clinical stage 3</td><td>Client is assessed to be at a clinical stage of 3 at the time of starting ART, based on clinical assessment and diagnostics</td></tr><tr><td><a href=\"CodeSystem-HIVConcepts.html#HIVConcepts-HIV.46D.46DE362\">HIV.D.DE362</a></td><td>WHO clinical stage 4</td><td>Client is assessed to be at a clinical stage of 4 at the time of starting ART, based on clinical assessment and diagnostics</td></tr></table></li></ul></div>"},"url":"http://smart.who.int/hiv/ValueSet/HIV.D.DE358","version":"0.4.4","name":"HIVDDE358","title":"Clinical stage at start of ART ValueSet","status":"active","experimental":true,"date":"2025-07-24T19:46:28+00:00","publisher":"WHO","contact":[{"name":"WHO","telecom":[{"system":"url","value":"http://who.int"}]}],"description":"Value set of wHO clinical stage of client based on signs and symptoms at start of ART","compose":{"include":[{"system":"http://smart.who.int/hiv/CodeSystem/HIVConcepts","concept":[{"code":"HIV.D.DE359","display":"WHO clinical stage 1"},{"code":"HIV.D.DE360","display":"WHO clinical stage 2"},{"code":"HIV.D.DE361","display":"WHO clinical stage 3"},{"code":"HIV.D.DE362","display":"WHO clinical stage 4"}]}]}}