{"resourceType":"ValueSet","id":"HIV.D.DE128","meta":{"profile":["http://hl7.org/fhir/uv/crmi/StructureDefinition/crmi-shareablevalueset","http://hl7.org/fhir/uv/crmi/StructureDefinition/crmi-publishablevalueset","http://hl7.org/fhir/uv/crmi/StructureDefinition/crmi-computablevalueset"]},"text":{"status":"extensions","div":"<div xmlns=\"http://www.w3.org/1999/xhtml\"><p class=\"res-header-id\"><b>Generated Narrative: ValueSet HIV.D.DE128</b></p><a name=\"HIV.D.DE128\"> </a><a name=\"hcHIV.D.DE128\"> </a><div style=\"display: inline-block; background-color: #d9e0e7; padding: 6px; margin: 4px; border: 1px solid #8da1b4; border-radius: 5px; line-height: 60%\"><p style=\"margin-bottom: 0px\"/><p style=\"margin-bottom: 0px\">Profiles: <a href=\"http://hl7.org/fhir/uv/crmi/STU1/StructureDefinition-crmi-shareablevalueset.html\">CRMI Shareable ValueSet</a>, <a href=\"http://hl7.org/fhir/uv/crmi/STU1/StructureDefinition-crmi-publishablevalueset.html\">CRMI Publishable ValueSet</a>, <a href=\"http://hl7.org/fhir/uv/crmi/STU1/StructureDefinition-crmi-computablevalueset.html\">CRMI Computable ValueSet</a></p></div><ul><li>Include these codes as defined in <a href=\"CodeSystem-HIVConcepts.html\"><code>http://smart.who.int/hiv/CodeSystem/HIVConcepts</code></a><table class=\"none\"><tr><td style=\"white-space:nowrap\"><b>Code</b></td><td><b>Display</b></td><td><b>Definition</b></td></tr><tr><td><a href=\"CodeSystem-HIVConcepts.html#HIVConcepts-HIV.46D.46DE129\">HIV.D.DE129</a></td><td>ABC</td><td>Treated with abacavir (ABC)</td></tr><tr><td><a href=\"CodeSystem-HIVConcepts.html#HIVConcepts-HIV.46D.46DE130\">HIV.D.DE130</a></td><td>FTC</td><td>Treated with emtricitabine (FTC)</td></tr><tr><td><a href=\"CodeSystem-HIVConcepts.html#HIVConcepts-HIV.46D.46DE131\">HIV.D.DE131</a></td><td>3TC</td><td>Treated with lamivudine (3TC)</td></tr><tr><td><a href=\"CodeSystem-HIVConcepts.html#HIVConcepts-HIV.46D.46DE132\">HIV.D.DE132</a></td><td>AZT</td><td>Treated with zidovudine (AZT)</td></tr><tr><td><a href=\"CodeSystem-HIVConcepts.html#HIVConcepts-HIV.46D.46DE133\">HIV.D.DE133</a></td><td>DDI</td><td>Treated with didanosine (DDI)</td></tr><tr><td><a href=\"CodeSystem-HIVConcepts.html#HIVConcepts-HIV.46D.46DE134\">HIV.D.DE134</a></td><td>D4T</td><td>Treated with stavudine (D4T)</td></tr><tr><td><a href=\"CodeSystem-HIVConcepts.html#HIVConcepts-HIV.46D.46DE135\">HIV.D.DE135</a></td><td>TDF</td><td>Treated with tenofovir (TDF)</td></tr><tr><td><a href=\"CodeSystem-HIVConcepts.html#HIVConcepts-HIV.46D.46DE136\">HIV.D.DE136</a></td><td>EFV</td><td>Treated with efavirenz (EFV)</td></tr><tr><td><a href=\"CodeSystem-HIVConcepts.html#HIVConcepts-HIV.46D.46DE137\">HIV.D.DE137</a></td><td>ETV</td><td>Treated with etravirine (ETV)</td></tr><tr><td><a href=\"CodeSystem-HIVConcepts.html#HIVConcepts-HIV.46D.46DE138\">HIV.D.DE138</a></td><td>NVP</td><td>Treated with nevirapine (NVP)</td></tr><tr><td><a href=\"CodeSystem-HIVConcepts.html#HIVConcepts-HIV.46D.46DE139\">HIV.D.DE139</a></td><td>RIL</td><td>Treated with rilpivirine (RIL)</td></tr><tr><td><a href=\"CodeSystem-HIVConcepts.html#HIVConcepts-HIV.46D.46DE140\">HIV.D.DE140</a></td><td>ATV/r</td><td>Treated with atazanavir/ritonavir (ATV/r)</td></tr><tr><td><a href=\"CodeSystem-HIVConcepts.html#HIVConcepts-HIV.46D.46DE141\">HIV.D.DE141</a></td><td>LPV/r</td><td>Treated with lopinavir/ritonavir (LPV/r)</td></tr><tr><td><a href=\"CodeSystem-HIVConcepts.html#HIVConcepts-HIV.46D.46DE142\">HIV.D.DE142</a></td><td>DRV/r</td><td>Treated with darunavir/ritonavir (DRV/r)</td></tr><tr><td><a href=\"CodeSystem-HIVConcepts.html#HIVConcepts-HIV.46D.46DE143\">HIV.D.DE143</a></td><td>RTV</td><td>Treated with ritonavir (RTV)</td></tr><tr><td><a href=\"CodeSystem-HIVConcepts.html#HIVConcepts-HIV.46D.46DE144\">HIV.D.DE144</a></td><td>DTG</td><td>Treated with dolutegravir (DTG)</td></tr><tr><td><a href=\"CodeSystem-HIVConcepts.html#HIVConcepts-HIV.46D.46DE145\">HIV.D.DE145</a></td><td>RAL</td><td>Treated with raltegravir (RAL)</td></tr></table></li></ul></div>"},"url":"http://smart.who.int/hiv/ValueSet/HIV.D.DE128","version":"0.4.4","name":"HIVDDE128","title":"ART regimen composition ValueSet","status":"active","experimental":true,"date":"2025-07-24T19:46:28+00:00","publisher":"WHO","contact":[{"name":"WHO","telecom":[{"system":"url","value":"http://who.int"}]}],"description":"Value set of drug composition of client's current ART regimen","compose":{"include":[{"system":"http://smart.who.int/hiv/CodeSystem/HIVConcepts","concept":[{"code":"HIV.D.DE129","display":"ABC"},{"code":"HIV.D.DE130","display":"FTC"},{"code":"HIV.D.DE131","display":"3TC"},{"code":"HIV.D.DE132","display":"AZT"},{"code":"HIV.D.DE133","display":"DDI"},{"code":"HIV.D.DE134","display":"D4T"},{"code":"HIV.D.DE135","display":"TDF"},{"code":"HIV.D.DE136","display":"EFV"},{"code":"HIV.D.DE137","display":"ETV"},{"code":"HIV.D.DE138","display":"NVP"},{"code":"HIV.D.DE139","display":"RIL"},{"code":"HIV.D.DE140","display":"ATV/r"},{"code":"HIV.D.DE141","display":"LPV/r"},{"code":"HIV.D.DE142","display":"DRV/r"},{"code":"HIV.D.DE143","display":"RTV"},{"code":"HIV.D.DE144","display":"DTG"},{"code":"HIV.D.DE145","display":"RAL"}]}]}}