{
  "resourceType" : "Measure",
  "id" : "HIVIND65",
  "meta" : {
    "profile" : ["http://hl7.org/fhir/us/cqfmeasures/StructureDefinition/proportion-measure-cqfm",
    "http://hl7.org/fhir/uv/crmi/StructureDefinition/crmi-shareablemeasure",
    "http://hl7.org/fhir/uv/crmi/StructureDefinition/crmi-publishablemeasure"]
  },
  "text" : {
    "status" : "extensions",
    "div" : "<div xmlns=\"http://www.w3.org/1999/xhtml\">\n  <table class=\"narrative-table\">\n    <tbody>\n<tr>\n\n<th colspan=\"2\" scope=\"row\" class=\"row-header\">Knowledge Artifact Metadata</th>\n\n</tr>\n\n<tr>\n\n<th scope=\"row\" class=\"row-header\">Name (machine-readable)</th>\n\n<td class=\"content-container\">HIVIND65</td>\n</tr>\n\n\n<tr>\n\n<th scope=\"row\" class=\"row-header\">Title (human-readable)</th>\n\n<td class=\"content-container\">HIV.IND.65 Syphilis test positivity, pregnant women, any visit</td>\n</tr>\n\n\n\n<tr>\n\n<th scope=\"row\" class=\"row-header\">Status</th>\n\n<td class=\"content-container\">Draft</td>\n</tr>\n\n\n<tr>\n\n<th scope=\"row\" class=\"row-header\">Experimental</th>\n\n<td class=\"content-container\">true</td>\n</tr>\n\n\n<tr>\n\n<th scope=\"row\" class=\"row-header\">Description</th>\n\n<td class=\"content-container\"><div><p>% of pregnant women who tested positive for syphilis during the reporting period</p>\n</div></td>\n</tr>\n\n\n\n\n\n\n\n\n\n\n\n\n<tr>\n\n<th scope=\"row\" class=\"row-header\">Measure Steward</th>\n\n<td class=\"content-container\">WHO</td>\n</tr>\n\n\n<tr>\n\n<th scope=\"row\" class=\"row-header\">Steward Contact Details</th>\n\n<td class=\"content-container\">WHO: <a href=\"http://who.int\">http://who.int</a></td>\n</tr>\n\n\n\n\n\n\n\n\n\n\n\n<tr>\n\n<th colspan=\"2\" scope=\"row\" class=\"row-header\">Measure Metadata</th>\n\n</tr>\n\n\n\n\n\n\n<tr>\n\n<th scope=\"row\" class=\"row-header\">Version Number</th>\n\n<td class=\"content-container\">0.4.4</td>\n</tr>\n\n\n<tr>\n\n<th scope=\"row\" class=\"row-header\">Measure Scoring</th>\n\n<td class=\"content-container\"><span title=\"Codes:{http://terminology.hl7.org/CodeSystem/measure-scoring proportion}\">Proportion</span></td>\n</tr>\n\n\n\n\n\n\n\n\n\n\n\n\n  \n<tr>\n\n<th scope=\"row\" class=\"row-header\">Population Basis</th>\n\n<td class=\"content-container\">boolean</td>\n</tr>\n\n\n\n\n\n  \n    <tr>\n\n<th colspan=\"2\" scope=\"row\" class=\"row-header\">Measure Population Criteria</th>\n\n</tr>\n  \n  \n  \n  \n    <tr>\n      \n        \n<th scope=\"row\" class=\"row-header\">Initial Population</th>\n\n      \n      <td class=\"content-container\">\n        \n        <em>ID</em>: HIV.IND.65.IP\n        <br/>\n        \n        \n          <em>Description</em>:\n          <p style=\"white-space: pre-line\" class=\"tab-one\">Initial Population</p>\n        \n        \n          \n            \n            <em>Logic Definition</em>: <a href=\"#hivind65logic-initial-population\">Initial Population</a> \n          \n        \n      </td>\n    </tr>\n  \n\n  \n    <tr>\n      \n        \n<th scope=\"row\" class=\"row-header\">Denominator</th>\n\n      \n      <td class=\"content-container\">\n        \n        <em>ID</em>: HIV.IND.65.DEN\n        <br/>\n        \n        \n          <em>Description</em>:\n          <p style=\"white-space: pre-line\" class=\"tab-one\">Number of pregnant women tested for syphilis while attending ANC services during the reporting period</p>\n        \n        \n          \n            \n            <em>Logic Definition</em>: <a href=\"#hivind65logic-denominator\">Denominator</a> \n          \n        \n      </td>\n    </tr>\n  \n\n  \n    <tr>\n      \n        \n<th scope=\"row\" class=\"row-header\">Numerator</th>\n\n      \n      <td class=\"content-container\">\n        \n        <em>ID</em>: HIV.IND.65.NUM\n        <br/>\n        \n        \n          <em>Description</em>:\n          <p style=\"white-space: pre-line\" class=\"tab-one\">Number of pregnant women who tested positive for syphilis during the reporting period (tested positive on both nontreponemal and treponemal tests or tested positive on either nontreponemal or treponemal test)</p>\n        \n        \n          \n            \n            <em>Logic Definition</em>: <a href=\"#hivind65logic-numerator\">Numerator</a> \n          \n        \n      </td>\n    </tr>\n  \n\n  \n  \n\n\n\n\n\n\n\n\n\n  \n<tr>\n\n<th scope=\"row\" class=\"row-header\">Improvement Notation</th>\n\n<td class=\"content-container\"><span title=\"Codes:\">decrease</span></td>\n</tr>\n\n\n\n\n\n\n<tr>\n\n<th colspan=\"2\" scope=\"row\" class=\"row-header\">Measure Logic</th>\n\n</tr>\n\n<tr>\n\n<th scope=\"row\" class=\"row-header\">Primary Library</th>\n\n<td class=\"content-container\"><a href=\"Library-HIVIND65Logic.html\">HIV.IND.65 Logic</a></td>\n</tr>\n\n\n\n\n<tr>\n  <th colspan=\"2\" scope=\"row\" class=\"row-header\">Generated using version 0.4.6 of the sample-content-ig Liquid templates</th>\n</tr>\n    </tbody>\n  </table>\n</div>"
  },
  "extension" : [{
    "url" : "http://hl7.org/fhir/us/cqfmeasures/StructureDefinition/cqfm-populationBasis",
    "valueCode" : "boolean"
  }],
  "url" : "http://smart.who.int/hiv/Measure/HIVIND65",
  "version" : "0.4.4",
  "name" : "HIVIND65",
  "title" : "HIV.IND.65 Syphilis test positivity, pregnant women, any visit",
  "status" : "draft",
  "experimental" : true,
  "date" : "2024-08-18",
  "publisher" : "WHO",
  "contact" : [{
    "name" : "WHO",
    "telecom" : [{
      "system" : "url",
      "value" : "http://who.int"
    }]
  }],
  "description" : "% of pregnant women who tested positive for syphilis during the reporting period",
  "library" : ["http://smart.who.int/hiv/Library/HIVIND65Logic"],
  "scoring" : {
    "coding" : [{
      "system" : "http://terminology.hl7.org/CodeSystem/measure-scoring",
      "code" : "proportion",
      "display" : "Proportion"
    }]
  },
  "group" : [{
    "extension" : [{
      "url" : "http://hl7.org/fhir/us/cqfmeasures/StructureDefinition/cqfm-improvementNotation",
      "valueCodeableConcept" : {
        "coding" : [{
          "code" : "decrease"
        }]
      }
    }],
    "population" : [{
      "id" : "HIV.IND.65.IP",
      "code" : {
        "coding" : [{
          "system" : "http://terminology.hl7.org/CodeSystem/measure-population",
          "code" : "initial-population",
          "display" : "Initial Population"
        }]
      },
      "description" : "Initial Population",
      "criteria" : {
        "language" : "text/cql-identifier",
        "expression" : "Initial Population"
      }
    },
    {
      "id" : "HIV.IND.65.DEN",
      "code" : {
        "coding" : [{
          "system" : "http://terminology.hl7.org/CodeSystem/measure-population",
          "code" : "denominator",
          "display" : "Denominator"
        }]
      },
      "description" : "Number of pregnant women tested for syphilis while attending ANC services during the reporting period",
      "criteria" : {
        "language" : "text/cql-identifier",
        "expression" : "Denominator"
      }
    },
    {
      "id" : "HIV.IND.65.NUM",
      "code" : {
        "coding" : [{
          "system" : "http://terminology.hl7.org/CodeSystem/measure-population",
          "code" : "numerator",
          "display" : "Numerator"
        }]
      },
      "description" : "Number of pregnant women who tested positive for syphilis during the reporting period (tested positive on both nontreponemal and treponemal tests or tested positive on either nontreponemal or treponemal test)",
      "criteria" : {
        "language" : "text/cql-identifier",
        "expression" : "Numerator"
      }
    }]
  }]
}